0,Secounds,Amps,Volt
0,0,0,0
0,1,0,0
0,2,0,0
0,3,0,0
0,4,0,0
0,5,0,0
0,6,0,0
0,7,0,0
0,8,0,0
0,9,0,0
0,10,0,0
0,11,0,0
0,12,0,0
0,13,0,0
0,14,0,0
0,15,0,0
0,16,0,0
0,17,0,12.8
0,18,0,12.8
0,19,0,12.8
0,20,0,12.8
0,21,0,12.8
0,22,0,12.8
0,23,0,12.8
0,24,0,12.8
0,25,0,12.8
0,26,0,12.8
0,27,0,12.8
0,28,0,12.8
0,29,0,12.8
0,30,0,12.8
0,31,0,12.8
0,32,0,12.8
0,33,0,12.8
0,34,0,12.8
0,35,18.83,12.2
0,36,16.43,12.3
0,37,16.4,12.2
0,38,16.38,12.1
0,39,16.33,12.1
0,40,16.3,12.1
0,41,16.26,12.1
0,42,16.24,12
0,43,16.22,12
0,44,16.2,12
0,44,16.18,12
0,45,16.17,12
0,46,16.16,12
0,47,16.15,12
0,48,16.14,12
0,49,16.13,12
0,50,16.12,12
0,51,16.11,12
0,52,16.11,12
0,53,16.1,12
0,54,16.09,12
0,55,16.08,12
0,56,16.08,12
0,56,16.07,12
0,57,16.06,12
0,58,16.06,12
0,59,16.05,12
0,60,16.04,12
0,61,16.03,12
0,62,16.03,12
0,63,16.02,12
0,64,16.02,12
0,65,16.01,12
0,66,16,12
0,67,16,12
0,68,15.99,12
0,69,15.99,12
0,69,15.98,12
0,70,15.97,12
0,71,15.97,12
0,72,15.97,12
0,73,15.97,12
0,74,15.97,12
0,75,15.96,12
0,76,15.96,12
0,77,15.95,12
0,78,15.95,12
0,79,15.95,12
0,80,15.94,12
0,81,15.94,12
0,82,15.94,12
0,82,15.93,12
0,83,15.93,12
0,84,15.93,12
0,85,15.92,12
0,86,15.92,12
0,87,15.92,12
0,88,15.92,12
0,89,15.91,12
0,90,15.91,12
0,91,15.91,12
0,92,15.91,12
0,93,15.91,12
0,94,15.9,12
0,95,15.9,12
0,96,15.9,12
0,97,15.89,12
0,98,15.89,12
0,99,15.89,12
0,100,15.89,12
0,101,15.89,12
0,102,15.89,12
0,103,15.88,12
0,104,15.88,12
0,105,15.88,12
0,106,15.88,12
0,107,15.87,12
0,108,15.87,12
0,109,15.87,12
0,110,15.87,12
0,111,15.87,12
0,112,15.86,12
0,113,15.86,12
0,114,15.86,12
0,115,15.86,12
0,116,15.85,12
0,117,15.86,12
0,118,15.85,12
0,119,15.85,12
0,120,15.85,12
0,120,15.84,12
0,121,15.84,12
0,122,15.84,12
0,123,15.84,12
0,124,15.84,12
0,125,15.84,12
0,126,15.83,12
0,127,15.83,12
0,128,15.83,12
0,129,15.83,12
0,130,15.83,12
0,131,15.83,12
0,132,15.83,12
0,133,15.82,12
0,134,15.82,12
0,135,15.82,12
0,136,15.82,12
0,137,15.82,12
0,138,15.81,12
0,139,15.81,12
0,140,15.81,12
0,141,15.81,12
0,142,15.81,12
0,143,15.81,12
0,144,15.81,12
0,145,15.81,12
0,146,15.81,12
0,147,15.8,12
0,148,15.8,12
0,149,15.8,12
0,150,15.8,12
0,151,15.8,12
0,152,15.8,12
0,153,15.79,12
0,154,15.79,12
0,155,15.79,12
0,156,15.79,12
0,157,15.78,12
0,158,15.78,12
0,159,15.78,12
0,160,15.78,12
0,161,15.78,12
0,162,15.78,12
0,163,15.78,12
0,164,15.78,12
0,165,15.78,12
0,166,15.78,12
0,167,15.77,12
0,168,15.77,12
0,169,15.77,12
0,170,15.76,12
0,171,15.76,12
0,172,15.76,12
0,173,15.76,12
0,174,15.76,12
0,175,15.76,12
0,176,15.76,12
0,177,15.76,12
0,178,15.76,12
0,179,15.76,12
0,180,15.76,12
0,181,15.76,12
0,182,15.76,12
0,183,15.76,12
0,184,15.76,12
0,185,15.76,12
0,186,15.75,12
0,187,15.75,12
0,188,15.75,12
0,189,15.75,12
0,190,15.75,12
0,191,15.75,12
0,192,15.75,12
0,193,15.75,12
0,194,15.75,12
0,195,15.75,12
0,196,15.74,12
0,197,15.75,12
0,198,15.74,12
0,199,15.74,12
0,200,15.74,12
0,201,15.74,12
0,202,15.74,12
0,203,15.74,12
0,204,15.74,12
0,205,15.74,12
0,206,15.74,12
0,207,15.74,12
0,208,15.74,12
0,209,15.74,12
0,210,15.74,12
0,211,15.74,12
0,212,15.73,12
0,213,15.73,12
0,214,15.73,12
0,215,15.73,12
0,216,15.73,12
0,217,15.73,12
0,218,15.74,12
0,219,15.73,12
0,220,15.73,12
0,221,15.73,12
0,222,15.73,12
0,223,15.73,12
0,224,15.73,12
0,225,15.73,12
0,226,15.73,12
0,227,15.73,12
0,228,15.73,12
0,229,15.73,12
0,230,15.73,12
0,231,15.73,12
0,232,15.73,12
0,233,15.73,12
0,234,15.73,12
0,235,15.73,12
0,236,15.73,12
0,237,15.72,12
0,238,15.72,12
0,239,15.72,12
0,240,15.72,12
0,241,15.72,12
0,242,15.72,12
0,243,15.72,12
0,244,15.72,12
0,245,15.72,12
0,246,15.72,12
0,247,15.72,12
0,248,15.72,12
0,249,15.72,12
0,250,15.72,12
0,251,15.72,12
0,252,15.72,12
0,253,15.72,12
0,254,15.72,12
0,255,15.71,12
0,256,15.72,12
0,257,15.71,12
0,258,15.71,12
0,259,15.71,12
0,260,15.71,12
0,261,15.72,12
0,262,15.72,12
0,263,15.72,12
0,264,15.72,12
0,265,15.72,12
0,266,15.72,12
0,267,15.72,12
0,268,15.72,12
0,269,15.72,12
0,270,15.72,12
0,271,15.72,12
0,272,15.72,12
0,273,15.72,12
0,274,15.72,12
0,275,15.72,12
0,276,15.72,12
0,277,15.72,12
0,278,15.72,12
0,279,15.72,12
0,280,15.72,12
0,281,15.72,12
0,282,15.72,12
0,283,15.72,12
0,284,15.72,12
0,285,15.72,12
0,285,15.71,12
0,286,15.71,12
0,287,15.71,12
0,288,15.71,12
0,289,15.71,12
0,290,15.71,12
0,291,15.71,12
0,292,15.71,12
0,293,15.71,12
0,294,15.71,12
0,295,15.71,12
0,296,15.71,12
0,297,15.71,12
0,298,15.71,12
0,298,15.71,12
0,299,15.71,12
0,300,15.71,12
0,301,15.71,12
0,302,15.7,12
0,303,15.7,12
0,304,15.7,12
0,305,15.71,12
0,306,15.7,12
0,307,15.71,12
0,308,15.7,12
0,309,15.7,12
0,310,15.7,12
0,311,15.7,12
0,312,15.7,12
0,313,15.7,12
0,314,15.7,12
0,315,15.7,12
0,316,15.7,12
0,317,15.7,12
0,318,15.7,12
0,319,15.7,12
0,320,15.7,12
0,321,15.7,12
0,322,15.7,12
0,323,15.7,12
0,324,15.7,12
0,325,15.7,12
0,326,15.7,12
0,327,15.7,12
0,328,15.7,12
0,329,15.7,12
0,330,15.7,12
0,331,15.69,12
0,332,15.7,12
0,333,15.69,12
0,334,15.69,12
0,335,15.69,12
0,336,15.69,12
0,337,15.69,12
0,338,15.69,12
0,339,15.69,12
0,340,15.69,12
0,341,15.69,12
0,342,15.69,12
0,343,15.69,12
0,344,15.69,12
0,345,15.69,12
0,346,15.69,12
0,347,15.69,12
0,348,15.69,12
0,349,15.69,12
0,350,15.69,12
0,351,15.68,12
0,352,15.68,12
0,353,15.68,12
0,354,15.68,12
0,355,15.68,12
0,356,15.68,12
0,357,15.68,12
0,358,15.68,12
0,359,15.68,12
0,360,15.68,12
0,361,15.68,12
0,362,15.68,12
0,363,15.68,12
0,364,15.68,12
0,365,15.68,12
0,366,15.68,12
0,367,15.68,12
0,368,15.68,12
0,369,15.68,12
0,370,15.68,12
0,371,15.68,12
0,372,15.68,12
0,373,15.67,12
0,374,15.67,12
0,375,15.67,12
0,376,15.67,12
0,377,15.67,12
0,378,15.67,12
0,379,15.67,12
0,380,15.67,12
0,381,15.67,12
0,382,15.67,12
0,383,15.67,12
0,384,15.66,12
0,385,15.66,12
0,386,15.66,12
0,387,15.66,12
0,388,15.66,12
0,389,15.67,12
0,390,15.66,12
0,391,15.66,12
0,392,15.66,12
0,393,15.66,12
0,394,15.66,12
0,395,15.66,12
0,396,15.66,12
0,397,15.66,12
0,398,15.66,12
0,399,15.66,12
0,400,15.66,12
0,401,15.66,12
0,402,15.66,12
0,403,15.66,12
0,404,15.66,12
0,405,15.66,12
0,406,15.66,12
0,407,15.66,12
0,408,15.66,12
0,409,15.66,12
0,410,15.66,12
0,411,15.66,12
0,412,15.66,12
0,413,15.66,12
0,414,15.66,12
0,415,15.66,12
0,416,15.66,12
0,417,15.66,12
0,418,15.66,12
0,419,15.66,12
0,420,15.66,12
0,421,15.66,12
0,422,15.66,12
0,423,15.66,12
0,424,15.66,12
0,425,15.66,12
0,426,15.66,12
0,427,15.66,12
0,428,15.66,12
0,429,15.66,12
0,430,15.66,12
0,431,15.66,12
0,432,15.66,12
0,433,15.66,12
0,434,15.66,12
0,435,15.66,12
0,436,15.66,12
0,437,15.66,12
0,438,15.66,12
0,439,15.65,12
0,440,15.65,12
0,441,15.65,12
0,442,15.65,12
0,443,15.65,12
0,444,15.65,12
0,445,15.65,12
0,446,15.65,12
0,447,15.65,12
0,448,15.65,12
0,449,15.64,12
0,450,15.64,12
0,450,15.65,12
0,451,15.65,12
0,452,15.65,12
0,453,15.65,12
0,454,15.65,12
0,455,15.65,12
0,456,15.64,12
0,457,15.64,12
0,458,15.65,12
0,459,15.65,12
0,460,15.65,12
0,461,15.65,12
0,462,15.64,12
0,463,15.64,12
0,464,15.64,12
0,465,15.64,12
0,466,15.64,12
0,467,15.64,12
0,468,15.64,12
0,469,15.64,12
0,470,15.64,12
0,471,15.64,12
0,472,15.64,12
0,473,15.64,12
0,474,15.64,12
0,475,15.64,12
0,476,15.63,12
0,476,15.64,12
0,477,15.64,12
0,478,15.64,12
0,479,15.64,12
0,480,15.64,12
0,481,15.64,12
0,482,15.64,12
0,483,15.64,12
0,484,15.64,12
0,485,15.64,12
0,486,15.63,12
0,487,15.64,12
0,488,15.64,12
0,489,15.64,12
0,490,15.64,12
0,491,15.64,12
0,492,15.64,12
0,493,15.64,12
0,494,15.64,12
0,495,15.63,12
0,496,15.64,12
0,497,15.64,12
0,498,15.63,12
0,499,15.64,12
0,500,15.63,12
0,501,15.63,12
0,502,15.63,12
0,503,15.64,12
0,504,15.63,12
0,505,15.63,12
0,506,15.63,12
0,507,15.63,12
0,508,15.63,12
0,509,15.63,12
0,510,15.63,12
0,511,15.63,12
0,512,15.63,12
0,513,15.63,12
0,514,15.63,12
0,515,15.63,12
0,516,15.63,12
0,517,15.63,12
0,518,15.63,12
0,519,15.63,12
0,520,15.63,12
0,521,15.64,12
0,522,15.63,12
0,523,15.63,12
0,524,15.63,12
0,525,15.63,12
0,526,15.63,12
0,527,15.63,12
0,528,15.63,12
0,529,15.63,12
0,530,15.63,12
0,531,15.63,12
0,532,15.63,12
0,533,15.63,12
0,534,15.63,12
0,535,15.63,12
0,536,15.63,12
0,537,15.63,12
0,538,15.63,12
0,539,15.63,12
0,540,15.63,12
0,541,15.63,12
0,542,15.63,12
0,543,15.63,12
0,544,15.63,12
0,545,15.63,12
0,546,15.63,12
0,547,15.63,12
0,548,15.63,12
0,549,15.63,12
0,550,15.63,12
0,551,15.63,12
0,552,15.63,12
0,553,15.63,12
0,554,15.63,12
0,555,15.63,12
0,556,15.63,12
0,557,15.63,12
0,558,15.63,12
0,559,15.63,12
0,560,15.63,12
0,561,15.63,12
0,562,15.63,12
0,563,15.63,12
0,564,15.63,12
0,565,15.63,12
0,566,15.63,12
0,567,15.63,12
0,568,15.63,12
0,569,15.63,12
0,570,15.63,12
0,571,15.63,12
0,572,15.63,12
0,573,15.63,12
0,574,15.63,12
0,575,15.63,12
0,576,15.63,12
0,577,15.63,12
0,578,15.63,12
0,578,15.62,12
0,579,15.62,12
0,580,15.62,12
0,581,15.62,12
0,582,15.62,12
0,583,15.62,12
0,584,15.62,12
0,585,15.62,12
0,586,15.62,12
0,587,15.62,12
0,588,15.62,12
0,589,15.62,12
0,590,15.62,12
0,590,15.62,12
0,591,15.62,12
0,592,15.62,12
0,593,15.62,12
0,594,15.62,12
0,595,15.62,12
0,596,15.62,12
0,597,15.62,12
0,598,15.62,12
0,599,15.62,12
0,600,15.62,12
0,601,15.62,12
0,602,15.62,12
0,603,15.62,12
0,604,15.62,12
0,605,15.62,12
0,606,15.62,12
0,607,15.62,12
0,608,15.62,12
0,609,15.62,12
0,610,15.62,12
0,611,15.62,12
0,612,15.62,12
0,613,15.61,12
0,614,15.61,12
0,615,15.61,12
0,616,15.61,12
0,617,15.61,12
0,618,15.61,12
0,619,15.61,12
0,620,15.61,12
0,621,15.61,12
0,622,15.61,12
0,623,15.62,12
0,624,15.62,12
0,625,15.61,12
0,626,15.61,12
0,627,15.61,12
0,628,15.62,12
0,629,15.61,12
0,630,15.61,12
0,631,15.61,12
0,632,15.61,12
0,633,15.61,12
0,634,15.61,12
0,635,15.61,12
0,636,15.61,12
0,637,15.62,12
0,638,15.61,12
0,639,15.62,12
0,640,15.62,12
0,641,15.62,12
0,641,15.61,12
0,642,15.62,12
0,643,15.61,12
0,644,15.61,12
0,645,15.61,12
0,646,15.61,12
0,647,15.61,12
0,648,15.61,12
0,649,15.61,12
0,650,15.61,12
0,651,15.61,12
0,652,15.61,12
0,653,15.61,12
0,654,15.61,12
0,655,15.61,12
0,656,15.61,12
0,657,15.61,12
0,658,15.61,12
0,659,15.62,12
0,660,15.61,12
0,661,15.61,12
0,662,15.61,12
0,663,15.61,12
0,664,15.61,12
0,665,15.61,12
0,666,15.61,12
0,667,15.61,12
0,668,15.61,12
0,669,15.61,12
0,670,15.61,12
0,671,15.61,12
0,672,15.61,12
0,673,15.61,12
0,674,15.61,12
0,675,15.61,12
0,676,15.61,12
0,677,15.61,12
0,678,15.61,12
0,679,15.61,12
0,680,15.61,12
0,681,15.61,12
0,682,15.61,12
0,683,15.61,12
0,684,15.61,12
0,685,15.61,12
0,686,15.61,12
0,687,15.61,12
0,688,15.61,12
0,689,15.61,12
0,690,15.61,12
0,691,15.61,12
0,692,15.61,12
0,693,15.61,12
0,694,15.61,12
0,695,15.61,12
0,696,15.61,12
0,697,15.61,12
0,698,15.61,12
0,699,15.61,12
0,700,15.61,12
0,701,15.61,12
0,702,15.61,12
0,703,15.61,12
0,704,15.61,12
0,705,15.61,12
0,706,15.61,12
0,707,15.61,12
0,708,15.61,12
0,709,15.61,12
0,710,15.6,12
0,711,15.61,12
0,712,15.6,12
0,713,15.61,12
0,714,15.61,12
0,715,15.61,12
0,716,15.6,12
0,717,15.61,12
0,718,15.61,12
0,719,15.61,12
0,720,15.61,12
0,721,15.61,12
0,722,15.61,12
0,723,15.6,12
0,724,15.6,12
0,725,15.61,11.9
0,726,15.61,12
0,727,15.61,12
0,728,15.61,12
0,729,15.61,12
0,730,15.6,12
0,731,15.6,11.9
0,732,15.6,12
0,733,15.6,12
0,734,15.61,12
0,735,15.6,12
0,736,15.6,12
0,737,15.61,12
0,738,15.61,12
0,739,15.61,12
0,740,15.61,12
0,741,15.61,12
0,742,15.61,11.9
0,743,15.63,12
0,744,15.63,11.9
0,745,15.63,12
0,746,15.63,12
0,747,15.63,11.9
0,748,15.63,12
0,749,15.63,12
0,750,15.63,11.9
0,751,15.63,11.9
0,752,15.63,12
0,753,15.63,11.9
0,754,15.63,11.9
0,755,15.63,12
0,755,15.63,11.9
0,756,15.63,11.9
0,757,15.63,11.9
0,758,15.63,11.9
0,759,15.63,11.9
0,760,15.63,11.9
0,761,15.63,11.9
0,762,15.63,11.9
0,763,15.63,11.9
0,764,15.63,12
0,765,15.63,11.9
0,766,15.63,11.9
0,767,15.63,11.9
0,768,15.63,11.9
0,769,15.63,11.9
0,770,15.63,11.9
0,771,15.63,11.9
0,772,15.63,11.9
0,773,15.63,11.9
0,774,15.63,11.9
0,775,15.63,11.9
0,776,15.63,11.9
0,777,15.63,11.9
0,778,15.63,11.9
0,779,15.63,11.9
0,780,15.63,12
0,781,15.63,11.9
0,782,15.63,11.9
0,783,15.63,11.9
0,784,15.63,11.9
0,785,15.63,11.9
0,786,15.63,11.9
0,787,15.63,11.9
0,788,15.63,11.9
0,789,15.63,11.9
0,790,15.63,11.9
0,791,15.63,11.9
0,792,15.62,11.9
0,793,15.62,11.9
0,793,15.63,11.9
0,794,15.63,11.9
0,795,15.63,11.9
0,796,15.63,11.9
0,797,15.62,11.9
0,798,15.62,11.9
0,799,15.63,11.9
0,800,15.63,11.9
0,801,15.63,11.9
0,802,15.63,11.9
0,803,15.63,11.9
0,804,15.63,11.9
0,805,15.63,11.9
0,806,15.63,11.9
0,807,15.63,11.9
0,808,15.63,11.9
0,809,15.63,11.9
0,810,15.63,11.9
0,811,15.63,11.9
0,812,15.63,11.9
0,813,15.62,11.9
0,814,15.62,11.9
0,815,15.62,11.9
0,816,15.62,11.9
0,817,15.62,11.9
0,818,15.62,11.9
0,819,15.62,11.9
0,820,15.62,11.9
0,821,15.62,11.9
0,822,15.62,11.9
0,823,15.62,11.9
0,824,15.62,11.9
0,825,15.62,11.9
0,826,15.62,11.9
0,827,15.62,11.9
0,828,15.62,11.9
0,829,15.62,11.9
0,830,15.62,11.9
0,831,15.62,11.9
0,832,15.62,11.9
0,832,15.61,11.9
0,833,15.62,11.9
0,834,15.62,11.9
0,835,15.61,11.9
0,836,15.61,11.9
0,837,15.61,11.9
0,838,15.61,11.9
0,839,15.61,11.9
0,840,15.61,11.9
0,841,15.61,11.9
0,842,15.61,11.9
0,843,15.61,11.9
0,844,15.61,11.9
0,844,15.62,11.9
0,845,15.62,11.9
0,846,15.62,11.9
0,847,15.61,11.9
0,848,15.61,11.9
0,849,15.61,11.9
0,850,15.61,11.9
0,851,15.61,11.9
0,852,15.61,11.9
0,853,15.61,11.9
0,854,15.61,11.9
0,855,15.61,11.9
0,856,15.62,11.9
0,857,15.61,11.9
0,858,15.61,11.9
0,859,15.61,11.9
0,860,15.61,11.9
0,861,15.62,11.9
0,862,15.61,11.9
0,863,15.61,11.9
0,864,15.61,11.9
0,865,15.61,11.9
0,866,15.61,11.9
0,867,15.61,11.9
0,868,15.61,11.9
0,869,15.61,11.9
0,870,15.61,11.9
0,871,15.61,11.9
0,872,15.61,11.9
0,873,15.61,11.9
0,874,15.61,11.9
0,875,15.61,11.9
0,876,15.61,11.9
0,877,15.61,11.9
0,878,15.61,11.9
0,879,15.61,11.9
0,880,15.61,11.9
0,881,15.61,11.9
0,882,15.61,11.9
0,882,15.61,11.9
0,883,15.61,11.9
0,884,15.61,11.9
0,885,15.61,11.9
0,886,15.61,11.9
0,887,15.61,11.9
0,888,15.61,11.9
0,889,15.61,11.9
0,890,15.61,11.9
0,891,15.61,11.9
0,892,15.61,11.9
0,893,15.61,11.9
0,894,15.61,11.9
0,895,15.61,11.9
0,896,15.61,11.9
0,897,15.61,11.9
0,898,15.61,11.9
0,899,15.61,11.9
0,900,15.61,11.9
0,901,15.61,11.9
0,902,15.61,11.9
0,903,15.61,11.9
0,904,15.61,11.9
0,905,15.61,11.9
0,906,15.61,11.9
0,907,15.61,11.9
0,908,15.61,11.9
0,908,15.61,11.9
0,909,15.61,11.9
0,910,15.61,11.9
0,911,15.61,11.9
0,912,15.61,11.9
0,913,15.61,11.9
0,914,15.61,11.9
0,915,15.61,11.9
0,916,15.61,11.9
0,917,15.61,11.9
0,918,15.61,11.9
0,919,15.61,11.9
0,920,15.61,11.9
0,920,15.61,11.9
0,921,15.61,11.9
0,922,15.6,11.9
0,923,15.6,11.9
0,924,15.6,11.9
0,925,15.6,11.9
0,926,15.6,11.9
0,927,15.6,11.9
0,928,15.6,11.9
0,929,15.6,11.9
0,930,15.6,11.9
0,931,15.6,11.9
0,932,15.6,11.9
0,933,15.6,11.9
0,934,15.6,11.9
0,935,15.6,11.9
0,936,15.6,11.9
0,937,15.6,11.9
0,938,15.6,11.9
0,939,15.6,11.9
0,940,15.6,11.9
0,941,15.59,11.9
0,942,15.59,11.9
0,943,15.6,11.9
0,944,15.59,11.9
0,945,15.6,11.9
0,946,15.6,11.9
0,947,15.6,11.9
0,948,15.6,11.9
0,949,15.6,11.9
0,950,15.6,11.9
0,951,15.6,11.9
0,952,15.6,11.9
0,953,15.6,11.9
0,954,15.6,11.9
0,955,15.6,11.9
0,956,15.6,11.9
0,957,15.6,11.9
0,958,15.6,11.9
0,959,15.6,11.9
0,960,15.6,11.9
0,961,15.6,11.9
0,962,15.6,11.9
0,963,15.6,11.9
0,964,15.6,11.9
0,965,15.6,11.9
0,966,15.6,11.9
0,967,15.6,11.9
0,968,15.6,11.9
0,969,15.6,11.9
0,970,15.6,11.9
0,971,15.6,11.9
0,972,15.6,11.9
0,973,15.6,11.9
0,974,15.6,11.9
0,975,15.6,11.9
0,976,15.6,11.9
0,977,15.6,11.9
0,978,15.6,11.9
0,979,15.6,11.9
0,980,15.6,11.9
0,981,15.6,11.9
0,982,15.6,11.9
0,983,15.6,11.9
0,984,15.6,11.9
0,985,15.6,11.9
0,986,15.61,11.9
0,987,15.6,11.9
0,988,15.6,11.9
0,989,15.6,11.9
0,990,15.6,11.9
0,991,15.59,11.9
0,992,15.6,11.9
0,993,15.6,11.9
0,994,15.6,11.9
0,995,15.6,11.9
0,996,15.6,11.9
0,997,15.6,11.9
0,997,15.6,11.9
0,998,15.6,11.9
0,999,15.6,11.9
0,1000,15.6,11.9
0,1001,15.6,11.9
0,1002,15.6,11.9
0,1003,15.6,11.9
0,1004,15.6,11.9
0,1005,15.6,11.9
0,1006,15.6,11.9
0,1007,15.59,11.9
0,1008,15.6,11.9
0,1009,15.6,11.9
0,1010,15.6,11.9
0,1011,15.6,11.9
0,1012,15.6,11.9
0,1013,15.6,11.9
0,1014,15.6,11.9
0,1015,15.6,11.9
0,1016,15.6,11.9
0,1017,15.6,11.9
0,1018,15.6,11.9
0,1019,15.6,11.9
0,1020,15.6,11.9
0,1021,15.6,11.9
0,1022,15.6,11.9
0,1022,15.6,11.9
0,1023,15.6,11.9
0,1024,15.6,11.9
0,1025,15.6,11.9
0,1026,15.6,11.9
0,1027,15.6,11.9
0,1028,15.6,11.9
0,1029,15.6,11.9
0,1030,15.6,11.9
0,1031,15.6,11.9
0,1032,15.6,11.9
0,1033,15.6,11.9
0,1034,15.6,11.9
0,1035,15.6,11.9
0,1035,15.6,11.9
0,1036,15.6,11.9
0,1037,15.6,11.9
0,1038,15.6,11.9
0,1039,15.6,11.9
0,1040,15.6,11.9
0,1041,15.59,11.9
0,1042,15.59,11.9
0,1043,15.59,11.9
0,1044,15.59,11.9
0,1045,15.59,11.9
0,1046,15.59,11.9
0,1047,15.59,11.9
0,1048,15.59,11.9
0,1048,15.59,11.9
0,1049,15.6,11.9
0,1050,15.6,11.9
0,1051,15.6,11.9
0,1052,15.6,11.9
0,1053,15.6,11.9
0,1054,15.59,11.9
0,1055,15.6,11.9
0,1056,15.6,11.9
0,1057,15.6,11.9
0,1058,15.59,11.9
0,1059,15.6,11.9
0,1060,15.6,11.9
0,1061,15.6,11.9
0,1062,15.6,11.9
0,1063,15.6,11.9
0,1064,15.6,11.9
0,1065,15.6,11.9
0,1066,15.6,11.9
0,1067,15.6,11.9
0,1068,15.6,11.9
0,1069,15.6,11.9
0,1070,15.6,11.9
0,1071,15.6,11.9
0,1072,15.6,11.9
0,1073,15.59,11.9
0,1074,15.6,11.9
0,1075,15.6,11.9
0,1076,15.59,11.9
0,1077,15.6,11.9
0,1078,15.59,11.9
0,1079,15.6,11.9
0,1080,15.6,11.9
0,1081,15.59,11.9
0,1082,15.59,11.9
0,1083,15.59,11.9
0,1084,15.59,11.9
0,1085,15.59,11.9
0,1086,15.59,11.9
0,1087,15.59,11.9
0,1088,15.59,11.9
0,1089,15.59,11.9
0,1090,15.59,11.9
0,1091,15.59,11.9
0,1092,15.59,11.9
0,1093,15.59,11.9
0,1094,15.59,11.9
0,1095,15.59,11.9
0,1096,15.59,11.9
0,1097,15.59,11.9
0,1098,15.59,11.9
0,1099,15.59,11.9
0,1100,15.59,11.9
0,1101,15.59,11.9
0,1102,15.59,11.9
0,1103,15.59,11.9
0,1104,15.59,11.9
0,1105,15.59,11.9
0,1106,15.58,11.9
0,1107,15.58,11.9
0,1108,15.59,11.9
0,1109,15.58,11.9
0,1110,15.59,11.9
0,1111,15.58,11.9
0,1112,15.57,11.9
0,1112,15.58,11.9
0,1113,15.58,11.9
0,1114,15.58,11.9
0,1115,15.58,11.9
0,1116,15.58,11.9
0,1117,15.58,11.9
0,1118,15.58,11.9
0,1119,15.58,11.9
0,1120,15.58,11.9
0,1121,15.58,11.9
0,1122,15.58,11.9
0,1123,15.58,11.9
0,1124,15.58,11.9
0,1125,15.58,11.9
0,1126,15.58,11.9
0,1127,15.58,11.9
0,1128,15.58,11.9
0,1129,15.58,11.9
0,1130,15.58,11.9
0,1131,15.58,11.9
0,1132,15.58,11.9
0,1133,15.58,11.9
0,1134,15.58,11.9
0,1135,15.58,11.9
0,1136,15.58,11.9
0,1137,15.58,11.9
0,1138,15.58,11.9
0,1139,15.58,11.9
0,1140,15.58,11.9
0,1141,15.58,11.9
0,1142,15.58,11.9
0,1143,15.58,11.9
0,1144,15.58,11.9
0,1145,15.58,11.9
0,1146,15.58,11.9
0,1147,15.58,11.9
0,1148,15.58,11.9
0,1149,15.58,11.9
0,1150,15.58,11.9
0,1151,15.58,11.9
0,1152,15.58,11.9
0,1153,15.58,11.9
0,1154,15.58,11.9
0,1155,15.58,11.9
0,1156,15.58,11.9
0,1157,15.58,11.9
0,1158,15.58,11.9
0,1159,15.58,11.9
0,1160,15.58,11.9
0,1161,15.58,11.9
0,1162,15.58,11.9
0,1163,15.58,11.9
0,1164,15.58,11.9
0,1165,15.58,11.9
0,1166,15.58,11.9
0,1167,15.58,11.9
0,1168,15.58,11.9
0,1169,15.58,11.9
0,1170,15.58,11.9
0,1171,15.58,11.9
0,1172,15.58,11.9
0,1173,15.58,11.9
0,1174,15.58,11.9
0,1175,15.58,11.9
0,1176,15.58,11.9
0,1177,15.58,11.9
0,1178,15.58,11.9
0,1179,15.58,11.9
0,1180,15.58,11.9
0,1181,15.58,11.9
0,1182,15.58,11.9
0,1183,15.58,11.9
0,1184,15.58,11.9
0,1185,15.58,11.9
0,1186,15.58,11.9
0,1187,15.58,11.9
0,1188,15.58,11.9
0,1189,15.58,11.9
0,1190,15.58,11.9
0,1191,15.58,11.9
0,1192,15.58,11.9
0,1193,15.58,11.9
0,1194,15.58,11.9
0,1195,15.58,11.9
0,1196,15.58,11.9
0,1197,15.58,11.9
0,1198,15.58,11.9
0,1199,15.58,11.9
0,1200,15.58,11.9
0,1201,15.58,11.9
0,1202,15.58,11.9
0,1203,15.58,11.9
0,1204,15.58,11.9
0,1205,15.58,11.9
0,1206,15.58,11.9
0,1207,15.58,11.9
0,1208,15.58,11.9
0,1209,15.57,11.9
0,1210,15.58,11.9
0,1211,15.58,11.9
0,1212,15.58,11.9
0,1213,15.58,11.9
0,1214,15.58,11.9
0,1215,15.57,11.9
0,1216,15.57,11.9
0,1217,15.57,11.9
0,1218,15.58,11.9
0,1219,15.58,11.9
0,1220,15.57,11.9
0,1221,15.58,11.9
0,1222,15.58,11.9
0,1223,15.57,11.9
0,1224,15.57,11.9
0,1225,15.57,11.9
0,1226,15.57,11.9
0,1227,15.57,11.9
0,1228,15.57,11.9
0,1229,15.58,11.9
0,1230,15.58,11.9
0,1231,15.57,11.9
0,1232,15.57,11.9
0,1233,15.57,11.9
0,1234,15.57,11.9
0,1235,15.57,11.9
0,1236,15.57,11.9
0,1237,15.57,11.9
0,1238,15.57,11.9
0,1239,15.57,11.9
0,1240,15.57,11.9
0,1241,15.57,11.9
0,1242,15.57,11.9
0,1243,15.57,11.9
0,1244,15.57,11.9
0,1245,15.57,11.9
0,1246,15.57,11.9
0,1247,15.57,11.9
0,1248,15.57,11.9
0,1249,15.57,11.9
0,1250,15.57,11.9
0,1251,15.57,11.9
0,1252,15.57,11.9
0,1253,15.57,11.9
0,1254,15.57,11.9
0,1255,15.57,11.9
0,1256,15.57,11.9
0,1257,15.57,11.9
0,1258,15.57,11.9
0,1259,15.57,11.9
0,1260,15.57,11.9
0,1261,15.57,11.9
0,1262,15.57,11.9
0,1263,15.57,11.9
0,1264,15.57,11.9
0,1265,15.57,11.9
0,1266,15.57,11.9
0,1267,15.57,11.9
0,1268,15.57,11.9
0,1269,15.57,11.9
0,1270,15.57,11.9
0,1271,15.57,11.9
0,1272,15.57,11.9
0,1273,15.57,11.9
0,1274,15.57,11.9
0,1275,15.57,11.9
0,1276,15.57,11.9
0,1277,15.56,11.9
0,1278,15.56,11.9
0,1279,15.56,11.9
0,1280,15.56,11.9
0,1281,15.56,11.9
0,1282,15.56,11.9
0,1283,15.56,11.9
0,1284,15.56,11.9
0,1285,15.56,11.9
0,1286,15.56,11.9
0,1287,15.56,11.9
0,1288,15.57,11.9
0,1289,15.57,11.9
0,1290,15.57,11.9
0,1291,15.57,11.9
0,1292,15.56,11.9
0,1293,15.56,11.9
0,1294,15.56,11.9
0,1295,15.56,11.9
0,1296,15.56,11.9
0,1297,15.56,11.9
0,1298,15.56,11.9
0,1299,15.56,11.9
0,1300,15.56,11.9
0,1301,15.57,11.9
0,1302,15.56,11.9
0,1302,15.57,11.9
0,1303,15.57,11.9
0,1304,15.57,11.9
0,1305,15.56,11.9
0,1306,15.56,11.9
0,1307,15.56,11.9
0,1308,15.56,11.9
0,1309,15.56,11.9
0,1310,15.56,11.9
0,1311,15.56,11.9
0,1312,15.56,11.9
0,1313,15.56,11.9
0,1314,15.56,11.9
0,1315,15.56,11.9
0,1316,15.56,11.9
0,1317,15.56,11.9
0,1318,15.56,11.9
0,1319,15.56,11.9
0,1320,15.56,11.9
0,1321,15.56,11.9
0,1322,15.56,11.9
0,1323,15.56,11.9
0,1324,15.56,11.9
0,1325,15.56,11.9
0,1326,15.56,11.9
0,1327,15.56,11.9
0,1328,15.56,11.9
0,1329,15.56,11.9
0,1330,15.56,11.9
0,1331,15.56,11.9
0,1332,15.56,11.9
0,1333,15.56,11.9
0,1334,15.56,11.9
0,1335,15.56,11.9
0,1336,15.56,11.9
0,1337,15.56,11.9
0,1338,15.56,11.9
0,1339,15.56,11.9
0,1340,15.56,11.9
0,1341,15.56,11.9
0,1342,15.56,11.9
0,1343,15.56,11.9
0,1344,15.56,11.9
0,1345,15.56,11.9
0,1346,15.56,11.9
0,1347,15.56,11.9
0,1348,15.56,11.9
0,1349,15.56,11.9
0,1350,15.56,11.9
0,1351,15.56,11.9
0,1352,15.56,11.9
0,1353,15.56,11.9
0,1354,15.56,11.9
0,1355,15.56,11.9
0,1356,15.56,11.9
0,1357,15.56,11.9
0,1358,15.56,11.9
0,1359,15.56,11.9
0,1360,15.55,11.9
0,1361,15.55,11.9
0,1362,15.55,11.9
0,1363,15.55,11.9
0,1364,15.55,11.9
0,1365,15.55,11.9
0,1366,15.55,11.9
0,1367,15.55,11.9
0,1368,15.55,11.9
0,1369,15.55,11.9
0,1370,15.55,11.9
0,1371,15.55,11.9
0,1372,15.55,11.9
0,1373,15.55,11.9
0,1374,15.55,11.9
0,1375,15.55,11.9
0,1376,15.55,11.9
0,1377,15.55,11.9
0,1378,15.55,11.9
0,1379,15.55,11.9
0,1380,15.55,11.9
0,1381,15.55,11.9
0,1382,15.55,11.9
0,1383,15.55,11.9
0,1384,15.55,11.9
0,1385,15.55,11.9
0,1386,15.55,11.9
0,1387,15.55,11.9
0,1388,15.55,11.9
0,1389,15.55,11.9
0,1390,15.55,11.9
0,1391,15.55,11.9
0,1391,15.55,11.9
0,1392,15.55,11.9
0,1393,15.55,11.9
0,1394,15.55,11.9
0,1395,15.55,11.9
0,1396,15.55,11.9
0,1397,15.55,11.9
0,1398,15.55,11.9
0,1399,15.55,11.9
0,1400,15.55,11.9
0,1401,15.55,11.9
0,1402,15.55,11.9
0,1403,15.55,11.9
0,1404,15.55,11.9
0,1405,15.55,11.9
0,1406,15.55,11.9
0,1407,15.55,11.9
0,1408,15.55,11.9
0,1409,15.55,11.9
0,1410,15.55,11.9
0,1411,15.55,11.9
0,1412,15.55,11.9
0,1413,15.55,11.9
0,1414,15.55,11.9
0,1415,15.55,11.9
0,1416,15.55,11.9
0,1417,15.55,11.9
0,1418,15.55,11.9
0,1419,15.55,11.9
0,1420,15.55,11.9
0,1421,15.55,11.9
0,1422,15.55,11.9
0,1423,15.55,11.9
0,1424,15.54,11.9
0,1425,15.54,11.9
0,1426,15.54,11.9
0,1427,15.54,11.9
0,1428,15.54,11.9
0,1429,15.55,11.9
0,1430,15.54,11.9
0,1431,15.55,11.9
0,1432,15.54,11.9
0,1433,15.54,11.9
0,1434,15.54,11.9
0,1435,15.54,11.9
0,1436,15.54,11.9
0,1437,15.54,11.9
0,1438,15.54,11.9
0,1439,15.54,11.9
0,1440,15.54,11.9
0,1441,15.54,11.9
0,1442,15.54,11.9
0,1443,15.54,11.9
0,1444,15.54,11.9
0,1445,15.54,11.9
0,1446,15.54,11.9
0,1447,15.54,11.9
0,1448,15.54,11.9
0,1449,15.54,11.9
0,1450,15.54,11.9
0,1451,15.54,11.9
0,1452,15.55,11.9
0,1453,15.54,11.9
0,1454,15.55,11.9
0,1455,15.54,11.9
0,1456,15.54,11.9
0,1457,15.54,11.9
0,1458,15.54,11.9
0,1459,15.54,11.9
0,1460,15.54,11.9
0,1461,15.54,11.9
0,1462,15.54,11.9
0,1463,15.55,11.9
0,1464,15.54,11.9
0,1465,15.54,11.9
0,1466,15.54,11.9
0,1467,15.54,11.9
0,1468,15.54,11.9
0,1469,15.54,11.9
0,1470,15.54,11.9
0,1471,15.54,11.9
0,1472,15.54,11.9
0,1473,15.54,11.9
0,1474,15.54,11.9
0,1475,15.54,11.9
0,1476,15.54,11.9
0,1477,15.54,11.9
0,1478,15.54,11.9
0,1479,15.54,11.9
0,1480,15.54,11.9
0,1481,15.54,11.9
0,1482,15.54,11.9
0,1483,15.54,11.9
0,1484,15.54,11.9
0,1485,15.54,11.9
0,1486,15.54,11.9
0,1487,15.54,11.9
0,1488,15.54,11.8
0,1489,15.54,11.9
0,1490,15.54,11.9
0,1491,15.54,11.9
0,1492,15.54,11.8
0,1493,15.54,11.9
0,1493,15.54,11.8
0,1494,15.54,11.8
0,1495,15.54,11.9
0,1496,15.54,11.9
0,1497,15.54,11.8
0,1498,15.54,11.8
0,1499,15.54,11.8
0,1500,15.54,11.8
0,1501,15.54,11.8
0,1502,15.54,11.8
0,1503,15.54,11.8
0,1504,15.54,11.8
0,1505,15.54,11.8
0,1506,15.54,11.9
0,1506,15.54,11.8
0,1507,15.54,11.8
0,1508,15.54,11.8
0,1509,15.54,11.9
0,1510,15.54,11.8
0,1511,15.54,11.8
0,1512,15.54,11.8
0,1513,15.54,11.8
0,1514,15.54,11.8
0,1515,15.54,11.8
0,1516,15.54,11.8
0,1517,15.54,11.8
0,1518,15.54,11.8
0,1519,15.54,11.8
0,1520,15.54,11.8
0,1521,15.54,11.8
0,1522,15.54,11.8
0,1523,15.54,11.8
0,1524,15.54,11.8
0,1525,15.54,11.8
0,1526,15.54,11.8
0,1527,15.54,11.8
0,1528,15.54,11.8
0,1529,15.54,11.8
0,1530,15.54,11.8
0,1531,15.54,11.8
0,1532,15.54,11.8
0,1533,15.54,11.8
0,1534,15.54,11.8
0,1535,15.54,11.8
0,1536,15.53,11.8
0,1537,15.54,11.8
0,1538,15.53,11.8
0,1539,15.53,11.8
0,1540,15.53,11.8
0,1541,15.53,11.8
0,1542,15.53,11.8
0,1543,15.53,11.8
0,1544,15.53,11.8
0,1545,15.53,11.8
0,1546,15.53,11.8
0,1547,15.53,11.8
0,1548,15.53,11.8
0,1549,15.53,11.8
0,1550,15.53,11.8
0,1551,15.53,11.8
0,1552,15.53,11.8
0,1553,15.53,11.8
0,1554,15.53,11.8
0,1555,15.53,11.8
0,1556,15.54,11.8
0,1557,15.53,11.8
0,1558,15.53,11.8
0,1559,15.53,11.8
0,1560,15.53,11.8
0,1561,15.53,11.8
0,1562,15.53,11.8
0,1563,15.53,11.8
0,1564,15.53,11.8
0,1565,15.53,11.8
0,1566,15.53,11.8
0,1567,15.53,11.8
0,1568,15.53,11.8
0,1569,15.53,11.8
0,1570,15.53,11.8
0,1570,15.54,11.8
0,1571,15.54,11.8
0,1572,15.54,11.8
0,1573,15.54,11.8
0,1574,15.54,11.8
0,1575,15.54,11.8
0,1576,15.54,11.8
0,1577,15.54,11.8
0,1578,15.54,11.8
0,1579,15.54,11.8
0,1580,15.54,11.8
0,1581,15.54,11.8
0,1582,15.53,11.8
0,1582,15.54,11.8
0,1583,15.53,11.8
0,1584,15.54,11.8
0,1585,15.53,11.8
0,1586,15.53,11.8
0,1587,15.53,11.8
0,1588,15.53,11.8
0,1589,15.53,11.8
0,1590,15.53,11.8
0,1591,15.53,11.8
0,1592,15.53,11.8
0,1593,15.53,11.8
0,1594,15.53,11.8
0,1595,15.52,11.8
0,1595,15.53,11.8
0,1596,15.53,11.8
0,1597,15.52,11.8
0,1598,15.52,11.8
0,1599,15.53,11.8
0,1600,15.53,11.8
0,1601,15.53,11.8
0,1602,15.53,11.8
0,1603,15.53,11.8
0,1604,15.53,11.8
0,1605,15.53,11.8
0,1606,15.52,11.8
0,1607,15.53,11.8
0,1608,15.53,11.8
0,1609,15.53,11.8
0,1610,15.52,11.8
0,1611,15.53,11.8
0,1612,15.53,11.8
0,1613,15.52,11.8
0,1614,15.53,11.8
0,1615,15.52,11.8
0,1616,15.52,11.8
0,1617,15.52,11.8
0,1618,15.53,11.8
0,1619,15.52,11.8
0,1620,15.52,11.8
0,1621,15.53,11.8
0,1622,15.53,11.8
0,1623,15.53,11.8
0,1624,15.53,11.8
0,1625,15.53,11.8
0,1626,15.53,11.8
0,1627,15.53,11.8
0,1628,15.53,11.8
0,1629,15.53,11.8
0,1630,15.53,11.8
0,1631,15.53,11.8
0,1632,15.53,11.8
0,1633,15.53,11.8
0,1634,15.53,11.8
0,1635,15.53,11.8
0,1636,15.53,11.8
0,1637,15.53,11.8
0,1638,15.53,11.8
0,1639,15.53,11.8
0,1640,15.53,11.8
0,1641,15.53,11.8
0,1642,15.53,11.8
0,1643,15.53,11.8
0,1644,15.53,11.8
0,1645,15.53,11.8
0,1646,15.53,11.8
0,1647,15.53,11.8
0,1648,15.53,11.8
0,1649,15.53,11.8
0,1650,15.53,11.8
0,1651,15.53,11.8
0,1652,15.53,11.8
0,1653,15.53,11.8
0,1654,15.53,11.8
0,1655,15.53,11.8
0,1656,15.53,11.8
0,1657,15.52,11.8
0,1658,15.52,11.8
0,1659,15.52,11.8
0,1660,15.52,11.8
0,1661,15.52,11.8
0,1662,15.52,11.8
0,1663,15.52,11.8
0,1664,15.52,11.8
0,1665,15.52,11.8
0,1666,15.52,11.8
0,1667,15.52,11.8
0,1668,15.52,11.8
0,1669,15.52,11.8
0,1670,15.52,11.8
0,1671,15.52,11.8
0,1672,15.52,11.8
0,1673,15.52,11.8
0,1674,15.52,11.8
0,1675,15.52,11.8
0,1676,15.52,11.8
0,1677,15.52,11.8
0,1678,15.52,11.8
0,1679,15.52,11.8
0,1680,15.52,11.8
0,1681,15.52,11.8
0,1682,15.52,11.8
0,1683,15.52,11.8
0,1684,15.52,11.8
0,1685,15.52,11.8
0,1686,15.52,11.8
0,1687,15.52,11.8
0,1688,15.52,11.8
0,1689,15.52,11.8
0,1690,15.52,11.8
0,1691,15.52,11.8
0,1692,15.52,11.8
0,1693,15.52,11.8
0,1694,15.52,11.8
0,1695,15.52,11.8
0,1696,15.52,11.8
0,1697,15.52,11.8
0,1698,15.52,11.8
0,1699,15.52,11.8
0,1700,15.52,11.8
0,1701,15.52,11.8
0,1702,15.52,11.8
0,1703,15.52,11.8
0,1704,15.52,11.8
0,1705,15.52,11.8
0,1706,15.52,11.8
0,1707,15.52,11.8
0,1708,15.52,11.8
0,1709,15.52,11.8
0,1710,15.52,11.8
0,1710,15.51,11.8
0,1711,15.51,11.8
0,1712,15.52,11.8
0,1713,15.51,11.8
0,1714,15.52,11.8
0,1715,15.51,11.8
0,1716,15.51,11.8
0,1717,15.51,11.8
0,1718,15.51,11.8
0,1719,15.51,11.8
0,1720,15.51,11.8
0,1721,15.51,11.8
0,1722,15.51,11.8
0,1723,15.51,11.8
0,1724,15.51,11.8
0,1725,15.51,11.8
0,1726,15.51,11.8
0,1727,15.51,11.8
0,1728,15.51,11.8
0,1729,15.51,11.8
0,1730,15.51,11.8
0,1731,15.51,11.8
0,1732,15.51,11.8
0,1733,15.5,11.8
0,1734,15.51,11.8
0,1735,15.51,11.8
0,1736,15.51,11.8
0,1737,15.51,11.8
0,1738,15.51,11.8
0,1739,15.51,11.8
0,1740,15.51,11.8
0,1741,15.51,11.8
0,1742,15.51,11.8
0,1743,15.51,11.8
0,1744,15.51,11.8
0,1745,15.51,11.8
0,1746,15.51,11.8
0,1747,15.51,11.8
0,1748,15.51,11.8
0,1749,15.51,11.8
0,1750,15.51,11.8
0,1751,15.51,11.8
0,1752,15.51,11.8
0,1753,15.51,11.8
0,1754,15.51,11.8
0,1755,15.51,11.8
0,1756,15.51,11.8
0,1757,15.51,11.8
0,1758,15.51,11.8
0,1759,15.51,11.8
0,1760,15.51,11.8
0,1761,15.51,11.8
0,1762,15.51,11.8
0,1763,15.51,11.8
0,1764,15.51,11.8
0,1765,15.51,11.8
0,1766,15.51,11.8
0,1767,15.51,11.8
0,1768,15.51,11.8
0,1769,15.51,11.8
0,1770,15.51,11.8
0,1771,15.51,11.8
0,1772,15.51,11.8
0,1773,15.51,11.8
0,1774,15.51,11.8
0,1774,15.51,11.8
0,1775,15.51,11.8
0,1776,15.51,11.8
0,1777,15.51,11.8
0,1778,15.51,11.8
0,1779,15.51,11.8
0,1780,15.51,11.8
0,1781,15.51,11.8
0,1782,15.51,11.8
0,1783,15.51,11.8
0,1784,15.51,11.8
0,1785,15.51,11.8
0,1786,15.51,11.8
0,1786,15.5,11.8
0,1787,15.5,11.8
0,1788,15.5,11.8
0,1789,15.5,11.8
0,1790,15.5,11.8
0,1791,15.5,11.8
0,1792,15.5,11.8
0,1793,15.51,11.8
0,1794,15.51,11.8
0,1795,15.51,11.8
0,1796,15.51,11.8
0,1797,15.51,11.8
0,1798,15.51,11.8
0,1799,15.51,11.8
0,1800,15.51,11.8
0,1801,15.51,11.8
0,1802,15.51,11.8
0,1803,15.51,11.8
0,1804,15.51,11.8
0,1805,15.51,11.8
0,1806,15.51,11.8
0,1807,15.51,11.8
0,1808,15.51,11.8
0,1809,15.51,11.8
0,1810,15.51,11.8
0,1811,15.51,11.8
0,1812,15.51,11.8
0,1813,15.51,11.8
0,1814,15.51,11.8
0,1815,15.51,11.8
0,1816,15.51,11.8
0,1817,15.51,11.8
0,1818,15.51,11.8
0,1819,15.51,11.8
0,1820,15.51,11.8
0,1821,15.51,11.8
0,1822,15.51,11.8
0,1823,15.51,11.8
0,1824,15.51,11.8
0,1825,15.51,11.8
0,1826,15.51,11.8
0,1827,15.51,11.8
0,1828,15.51,11.8
0,1829,15.51,11.8
0,1830,15.51,11.8
0,1831,15.51,11.8
0,1832,15.51,11.8
0,1833,15.51,11.8
0,1834,15.51,11.8
0,1835,15.51,11.8
0,1836,15.5,11.8
0,1837,15.51,11.8
0,1838,15.5,11.8
0,1839,15.5,11.8
0,1840,15.5,11.8
0,1841,15.5,11.8
0,1842,15.51,11.8
0,1843,15.51,11.8
0,1844,15.51,11.8
0,1845,15.51,11.8
0,1846,15.51,11.8
0,1847,15.5,11.8
0,1848,15.5,11.8
0,1849,15.5,11.8
0,1850,15.5,11.8
0,1851,15.51,11.8
0,1852,15.5,11.8
0,1853,15.5,11.8
0,1854,15.5,11.8
0,1855,15.5,11.8
0,1856,15.5,11.8
0,1857,15.5,11.8
0,1858,15.5,11.8
0,1859,15.5,11.8
0,1860,15.5,11.8
0,1861,15.5,11.8
0,1862,15.5,11.8
0,1863,15.5,11.8
0,1864,15.5,11.8
0,1865,15.5,11.8
0,1866,15.5,11.8
0,1867,15.5,11.8
0,1868,15.5,11.8
0,1869,15.5,11.8
0,1870,15.5,11.8
0,1871,15.5,11.8
0,1872,15.5,11.8
0,1873,15.5,11.8
0,1874,15.5,11.8
0,1875,15.5,11.8
0,1876,15.5,11.8
0,1877,15.5,11.8
0,1878,15.5,11.8
0,1879,15.5,11.8
0,1880,15.5,11.8
0,1881,15.5,11.8
0,1882,15.5,11.8
0,1883,15.5,11.8
0,1884,15.5,11.8
0,1885,15.5,11.8
0,1886,15.5,11.8
0,1887,15.5,11.8
0,1888,15.5,11.8
0,1889,15.5,11.8
0,1890,15.5,11.8
0,1891,15.5,11.8
0,1892,15.5,11.8
0,1893,15.5,11.8
0,1894,15.5,11.8
0,1895,15.5,11.8
0,1896,15.5,11.8
0,1897,15.5,11.8
0,1898,15.5,11.8
0,1899,15.5,11.8
0,1900,15.5,11.8
0,1901,15.5,11.8
0,1902,15.5,11.8
0,1903,15.5,11.8
0,1904,15.5,11.8
0,1905,15.5,11.8
0,1906,15.5,11.8
0,1907,15.5,11.8
0,1908,15.5,11.8
0,1909,15.5,11.8
0,1910,15.5,11.8
0,1911,15.5,11.8
0,1912,15.5,11.8
0,1913,15.5,11.8
0,1914,15.5,11.8
0,1915,15.5,11.8
0,1916,15.5,11.8
0,1917,15.5,11.8
0,1918,15.5,11.8
0,1919,15.5,11.8
0,1920,15.5,11.8
0,1921,15.5,11.8
0,1922,15.5,11.8
0,1923,15.5,11.8
0,1924,15.5,11.8
0,1925,15.5,11.8
0,1926,15.5,11.8
0,1927,15.5,11.8
0,1928,15.5,11.8
0,1929,15.5,11.8
0,1930,15.5,11.8
0,1931,15.5,11.8
0,1932,15.5,11.8
0,1933,15.5,11.8
0,1934,15.5,11.8
0,1935,15.5,11.8
0,1936,15.5,11.8
0,1937,15.5,11.8
0,1938,15.5,11.8
0,1939,15.5,11.8
0,1940,15.5,11.8
0,1941,15.5,11.8
0,1942,15.49,11.8
0,1943,15.5,11.8
0,1944,15.5,11.8
0,1945,15.5,11.8
0,1946,15.5,11.8
0,1947,15.5,11.8
0,1948,15.5,11.8
0,1949,15.5,11.8
0,1950,15.5,11.8
0,1951,15.5,11.8
0,1952,15.5,11.8
0,1953,15.49,11.8
0,1954,15.49,11.8
0,1955,15.49,11.8
0,1956,15.49,11.8
0,1957,15.49,11.8
0,1958,15.49,11.8
0,1959,15.49,11.8
0,1960,15.49,11.8
0,1961,15.49,11.8
0,1962,15.49,11.8
0,1963,15.49,11.8
0,1964,15.49,11.8
0,1965,15.49,11.8
0,1966,15.49,11.8
0,1967,15.49,11.8
0,1968,15.49,11.8
0,1969,15.49,11.8
0,1970,15.49,11.8
0,1971,15.49,11.8
0,1972,15.49,11.8
0,1973,15.49,11.8
0,1974,15.49,11.8
0,1975,15.49,11.8
0,1976,15.49,11.8
0,1977,15.49,11.8
0,1978,15.49,11.8
0,1979,15.49,11.8
0,1980,15.49,11.8
0,1981,15.49,11.8
0,1982,15.49,11.8
0,1983,15.49,11.8
0,1984,15.49,11.8
0,1985,15.49,11.8
0,1986,15.49,11.8
0,1987,15.49,11.8
0,1988,15.49,11.8
0,1989,15.49,11.8
0,1990,15.49,11.8
0,1991,15.49,11.8
0,1992,15.49,11.8
0,1993,15.49,11.8
0,1994,15.49,11.8
0,1995,15.49,11.8
0,1996,15.49,11.8
0,1997,15.49,11.8
0,1998,15.49,11.8
0,1999,15.49,11.8
0,2000,15.49,11.8
0,2001,15.49,11.8
0,2002,15.49,11.8
0,2003,15.49,11.8
0,2004,15.49,11.8
0,2005,15.49,11.8
0,2006,15.49,11.8
0,2007,15.49,11.8
0,2008,15.49,11.8
0,2009,15.49,11.8
0,2010,15.49,11.8
0,2011,15.48,11.8
0,2012,15.48,11.8
0,2013,15.49,11.8
0,2014,15.48,11.8
0,2015,15.49,11.8
0,2016,15.48,11.8
0,2017,15.48,11.8
0,2018,15.48,11.8
0,2019,15.48,11.8
0,2020,15.48,11.8
0,2021,15.49,11.8
0,2022,15.48,11.8
0,2023,15.48,11.8
0,2024,15.48,11.8
0,2025,15.48,11.8
0,2026,15.48,11.8
0,2027,15.48,11.8
0,2028,15.48,11.8
0,2029,15.48,11.8
0,2030,15.49,11.8
0,2031,15.49,11.8
0,2032,15.49,11.8
0,2033,15.49,11.8
0,2034,15.49,11.8
0,2035,15.49,11.8
0,2036,15.49,11.8
0,2037,15.49,11.8
0,2038,15.49,11.8
0,2039,15.49,11.8
0,2040,15.49,11.8
0,2041,15.49,11.8
0,2042,15.49,11.8
0,2043,15.49,11.8
0,2044,15.49,11.8
0,2045,15.49,11.8
0,2046,15.49,11.8
0,2047,15.49,11.8
0,2048,15.49,11.8
0,2049,15.49,11.8
0,2050,15.49,11.8
0,2051,15.49,11.8
0,2052,15.49,11.8
0,2053,15.49,11.8
0,2054,15.49,11.8
0,2055,15.48,11.8
0,2056,15.48,11.8
0,2057,15.48,11.8
0,2058,15.48,11.8
0,2059,15.49,11.8
0,2060,15.48,11.8
0,2061,15.48,11.8
0,2062,15.48,11.8
0,2063,15.48,11.8
0,2064,15.48,11.8
0,2065,15.48,11.8
0,2066,15.48,11.8
0,2067,15.48,11.8
0,2068,15.48,11.8
0,2069,15.48,11.8
0,2070,15.48,11.8
0,2071,15.48,11.8
0,2072,15.48,11.8
0,2073,15.48,11.8
0,2074,15.48,11.8
0,2075,15.48,11.8
0,2076,15.48,11.8
0,2077,15.48,11.8
0,2078,15.48,11.8
0,2079,15.48,11.8
0,2080,15.48,11.8
0,2081,15.48,11.8
0,2082,15.48,11.8
0,2083,15.48,11.8
0,2084,15.48,11.8
0,2085,15.47,11.8
0,2086,15.48,11.8
0,2087,15.48,11.8
0,2088,15.48,11.8
0,2089,15.48,11.8
0,2090,15.48,11.8
0,2091,15.48,11.8
0,2092,15.48,11.8
0,2093,15.48,11.8
0,2094,15.47,11.8
0,2095,15.48,11.8
0,2096,15.47,11.8
0,2097,15.47,11.8
0,2098,15.47,11.8
0,2099,15.48,11.8
0,2100,15.47,11.8
0,2101,15.47,11.8
0,2102,15.47,11.8
0,2103,15.47,11.8
0,2104,15.47,11.8
0,2105,15.47,11.8
0,2105,15.48,11.8
0,2106,15.48,11.8
0,2107,15.47,11.8
0,2108,15.47,11.8
0,2109,15.47,11.7
0,2110,15.47,11.8
0,2111,15.47,11.8
0,2112,15.47,11.8
0,2113,15.47,11.8
0,2114,15.47,11.8
0,2115,15.47,11.8
0,2116,15.47,11.8
0,2117,15.47,11.8
0,2118,15.47,11.8
0,2119,15.48,11.8
0,2120,15.47,11.8
0,2121,15.47,11.8
0,2122,15.47,11.8
0,2123,15.47,11.8
0,2124,15.47,11.7
0,2125,15.47,11.8
0,2126,15.47,11.8
0,2127,15.47,11.8
0,2128,15.47,11.8
0,2129,15.47,11.8
0,2130,15.47,11.8
0,2131,15.47,11.8
0,2131,15.48,11.7
0,2132,15.47,11.8
0,2133,15.47,11.8
0,2134,15.47,11.8
0,2135,15.47,11.8
0,2136,15.47,11.8
0,2137,15.47,11.8
0,2138,15.47,11.7
0,2139,15.47,11.8
0,2140,15.47,11.8
0,2141,15.47,11.8
0,2142,15.47,11.8
0,2143,15.47,11.8
0,2144,15.47,11.8
0,2145,15.47,11.8
0,2146,15.47,11.7
0,2147,15.47,11.7
0,2148,15.47,11.7
0,2149,15.47,11.7
0,2150,15.47,11.7
0,2151,15.47,11.7
0,2152,15.47,11.7
0,2153,15.47,11.7
0,2154,15.47,11.7
0,2155,15.47,11.7
0,2156,15.47,11.7
0,2157,15.46,11.7
0,2158,15.46,11.7
0,2159,15.47,11.7
0,2160,15.47,11.7
0,2161,15.46,11.7
0,2162,15.46,11.7
0,2163,15.46,11.7
0,2164,15.46,11.7
0,2165,15.46,11.7
0,2166,15.46,11.7
0,2167,15.46,11.7
0,2168,15.46,11.7
0,2169,15.46,11.7
0,2170,15.46,11.7
0,2171,15.46,11.7
0,2172,15.46,11.7
0,2173,15.46,11.7
0,2174,15.46,11.7
0,2175,15.46,11.7
0,2176,15.46,11.7
0,2177,15.46,11.7
0,2178,15.46,11.7
0,2179,15.46,11.7
0,2180,15.46,11.7
0,2181,15.46,11.7
0,2182,15.46,11.7
0,2183,15.46,11.7
0,2184,15.46,11.7
0,2185,15.46,11.7
0,2186,15.46,11.7
0,2187,15.46,11.7
0,2188,15.46,11.7
0,2189,15.46,11.7
0,2190,15.46,11.7
0,2191,15.46,11.7
0,2192,15.46,11.7
0,2193,15.46,11.7
0,2194,15.46,11.7
0,2195,15.46,11.7
0,2196,15.46,11.7
0,2197,15.46,11.7
0,2198,15.46,11.7
0,2199,15.46,11.7
0,2200,15.46,11.7
0,2201,15.46,11.7
0,2202,15.46,11.7
0,2203,15.46,11.7
0,2204,15.46,11.7
0,2205,15.46,11.7
0,2206,15.46,11.7
0,2207,15.46,11.7
0,2208,15.46,11.7
0,2209,15.46,11.7
0,2210,15.46,11.7
0,2211,15.46,11.7
0,2212,15.46,11.7
0,2213,15.46,11.7
0,2214,15.46,11.7
0,2215,15.46,11.7
0,2216,15.46,11.7
0,2217,15.46,11.7
0,2218,15.46,11.7
0,2219,15.46,11.7
0,2220,15.46,11.7
0,2221,15.46,11.7
0,2222,15.46,11.7
0,2223,15.46,11.7
0,2224,15.46,11.7
0,2225,15.46,11.7
0,2226,15.46,11.7
0,2227,15.46,11.7
0,2228,15.46,11.7
0,2229,15.46,11.7
0,2230,15.46,11.7
0,2231,15.46,11.7
0,2232,15.46,11.7
0,2233,15.46,11.7
0,2233,15.46,11.7
0,2234,15.45,11.7
0,2235,15.45,11.7
0,2236,15.45,11.7
0,2237,15.46,11.7
0,2238,15.45,11.7
0,2239,15.45,11.7
0,2240,15.45,11.7
0,2241,15.45,11.7
0,2242,15.45,11.7
0,2243,15.45,11.7
0,2244,15.45,11.7
0,2245,15.45,11.7
0,2246,15.45,11.7
0,2246,15.46,11.7
0,2247,15.45,11.7
0,2248,15.45,11.7
0,2249,15.45,11.7
0,2250,15.45,11.7
0,2251,15.45,11.7
0,2252,15.45,11.7
0,2253,15.45,11.7
0,2254,15.45,11.7
0,2255,15.45,11.7
0,2256,15.45,11.7
0,2257,15.45,11.7
0,2258,15.45,11.7
0,2259,15.45,11.7
0,2260,15.45,11.7
0,2261,15.45,11.7
0,2262,15.45,11.7
0,2263,15.45,11.7
0,2264,15.45,11.7
0,2265,15.45,11.7
0,2266,15.45,11.7
0,2267,15.45,11.7
0,2268,15.45,11.7
0,2269,15.45,11.7
0,2270,15.45,11.7
0,2271,15.45,11.7
0,2272,15.45,11.7
0,2273,15.45,11.7
0,2274,15.45,11.7
0,2275,15.44,11.7
0,2276,15.45,11.7
0,2277,15.45,11.7
0,2278,15.45,11.7
0,2279,15.45,11.7
0,2280,15.44,11.7
0,2281,15.45,11.7
0,2282,15.45,11.7
0,2283,15.45,11.7
0,2284,15.45,11.7
0,2285,15.45,11.7
0,2286,15.44,11.7
0,2287,15.44,11.7
0,2288,15.44,11.7
0,2289,15.44,11.7
0,2290,15.44,11.7
0,2291,15.44,11.7
0,2292,15.44,11.7
0,2293,15.44,11.7
0,2294,15.44,11.7
0,2295,15.44,11.7
0,2296,15.44,11.7
0,2297,15.44,11.7
0,2298,15.44,11.7
0,2299,15.44,11.7
0,2300,15.44,11.7
0,2301,15.44,11.7
0,2302,15.44,11.7
0,2303,15.44,11.7
0,2304,15.44,11.7
0,2305,15.44,11.7
0,2306,15.44,11.7
0,2307,15.44,11.7
0,2308,15.44,11.7
0,2309,15.44,11.7
0,2309,15.44,11.7
0,2310,15.44,11.7
0,2311,15.44,11.7
0,2312,15.44,11.7
0,2313,15.44,11.7
0,2314,15.44,11.7
0,2315,15.44,11.7
0,2316,15.44,11.7
0,2317,15.44,11.7
0,2318,15.44,11.7
0,2319,15.44,11.7
0,2320,15.44,11.7
0,2321,15.44,11.7
0,2322,15.44,11.7
0,2323,15.44,11.7
0,2324,15.44,11.7
0,2325,15.44,11.7
0,2326,15.44,11.7
0,2327,15.44,11.7
0,2328,15.44,11.7
0,2329,15.44,11.7
0,2330,15.44,11.7
0,2331,15.44,11.7
0,2332,15.44,11.7
0,2333,15.43,11.7
0,2334,15.43,11.7
0,2335,15.43,11.7
0,2336,15.43,11.7
0,2337,15.43,11.7
0,2338,15.43,11.7
0,2339,15.43,11.7
0,2340,15.43,11.7
0,2341,15.43,11.7
0,2342,15.43,11.7
0,2343,15.43,11.7
0,2344,15.43,11.7
0,2345,15.43,11.7
0,2346,15.43,11.7
0,2347,15.43,11.7
0,2348,15.43,11.7
0,2349,15.43,11.7
0,2350,15.43,11.7
0,2351,15.43,11.7
0,2352,15.43,11.7
0,2353,15.43,11.7
0,2354,15.43,11.7
0,2355,15.43,11.7
0,2356,15.43,11.7
0,2357,15.43,11.7
0,2358,15.43,11.7
0,2359,15.43,11.7
0,2360,15.43,11.7
0,2361,15.43,11.7
0,2362,15.43,11.7
0,2363,15.43,11.7
0,2364,15.43,11.7
0,2365,15.43,11.7
0,2366,15.43,11.7
0,2367,15.43,11.7
0,2368,15.43,11.7
0,2369,15.43,11.7
0,2370,15.43,11.7
0,2371,15.43,11.7
0,2372,15.43,11.7
0,2373,15.43,11.7
0,2374,15.43,11.7
0,2375,15.43,11.7
0,2376,15.43,11.7
0,2377,15.43,11.7
0,2378,15.43,11.7
0,2379,15.43,11.7
0,2380,15.43,11.7
0,2381,15.43,11.7
0,2382,15.43,11.7
0,2383,15.43,11.7
0,2384,15.43,11.7
0,2385,15.43,11.7
0,2386,15.43,11.7
0,2387,15.43,11.7
0,2388,15.43,11.7
0,2389,15.43,11.7
0,2390,15.43,11.7
0,2391,15.43,11.7
0,2392,15.43,11.7
0,2393,15.42,11.7
0,2394,15.42,11.7
0,2395,15.42,11.7
0,2396,15.43,11.7
0,2397,15.43,11.7
0,2398,15.42,11.7
0,2399,15.42,11.7
0,2399,15.43,11.7
0,2400,15.42,11.7
0,2401,15.42,11.7
0,2402,15.42,11.7
0,2403,15.42,11.7
0,2404,15.42,11.7
0,2405,15.42,11.7
0,2406,15.42,11.7
0,2407,15.42,11.7
0,2408,15.42,11.7
0,2409,15.42,11.7
0,2410,15.42,11.7
0,2411,15.42,11.7
0,2412,15.42,11.7
0,2413,15.42,11.7
0,2414,15.42,11.7
0,2415,15.42,11.7
0,2416,15.42,11.7
0,2417,15.42,11.7
0,2418,15.42,11.7
0,2419,15.42,11.7
0,2420,15.42,11.7
0,2421,15.42,11.7
0,2422,15.42,11.7
0,2423,15.42,11.7
0,2424,15.42,11.7
0,2425,15.42,11.7
0,2426,15.42,11.7
0,2427,15.42,11.7
0,2428,15.42,11.7
0,2429,15.42,11.7
0,2430,15.42,11.7
0,2431,15.42,11.7
0,2432,15.42,11.7
0,2433,15.42,11.7
0,2434,15.42,11.7
0,2435,15.42,11.7
0,2436,15.42,11.7
0,2437,15.42,11.7
0,2438,15.42,11.7
0,2439,15.42,11.7
0,2440,15.42,11.7
0,2441,15.42,11.7
0,2442,15.42,11.7
0,2443,15.42,11.7
0,2444,15.42,11.7
0,2445,15.42,11.7
0,2446,15.42,11.7
0,2447,15.42,11.7
0,2448,15.42,11.7
0,2449,15.41,11.7
0,2449,15.42,11.7
0,2450,15.42,11.7
0,2451,15.41,11.7
0,2452,15.42,11.7
0,2453,15.41,11.7
0,2454,15.41,11.7
0,2455,15.41,11.7
0,2456,15.41,11.7
0,2457,15.41,11.7
0,2458,15.41,11.7
0,2459,15.41,11.7
0,2460,15.41,11.7
0,2461,15.41,11.7
0,2462,15.41,11.7
0,2463,15.41,11.7
0,2464,15.41,11.7
0,2465,15.41,11.7
0,2466,15.41,11.7
0,2467,15.41,11.7
0,2468,15.41,11.7
0,2469,15.41,11.7
0,2470,15.41,11.7
0,2471,15.41,11.7
0,2472,15.41,11.7
0,2473,15.41,11.7
0,2474,15.41,11.7
0,2475,15.41,11.7
0,2476,15.41,11.7
0,2477,15.41,11.7
0,2478,15.41,11.7
0,2479,15.41,11.7
0,2480,15.41,11.7
0,2481,15.41,11.7
0,2482,15.41,11.7
0,2483,15.41,11.7
0,2484,15.41,11.7
0,2485,15.41,11.7
0,2486,15.41,11.7
0,2487,15.41,11.7
0,2488,15.41,11.7
0,2489,15.4,11.7
0,2490,15.41,11.7
0,2491,15.41,11.7
0,2492,15.41,11.7
0,2493,15.41,11.7
0,2494,15.41,11.7
0,2495,15.41,11.7
0,2496,15.41,11.7
0,2497,15.41,11.7
0,2498,15.4,11.7
0,2499,15.4,11.7
0,2500,15.4,11.7
0,2500,15.41,11.7
0,2501,15.4,11.7
0,2502,15.4,11.7
0,2503,15.4,11.7
0,2504,15.4,11.7
0,2505,15.4,11.7
0,2506,15.4,11.7
0,2507,15.4,11.7
0,2508,15.4,11.7
0,2509,15.4,11.7
0,2510,15.4,11.7
0,2511,15.4,11.7
0,2512,15.4,11.7
0,2513,15.4,11.7
0,2514,15.4,11.7
0,2515,15.4,11.7
0,2516,15.4,11.7
0,2517,15.4,11.7
0,2518,15.4,11.7
0,2519,15.4,11.7
0,2520,15.4,11.7
0,2521,15.4,11.7
0,2522,15.4,11.7
0,2523,15.4,11.7
0,2524,15.4,11.7
0,2525,15.4,11.7
0,2526,15.4,11.7
0,2527,15.4,11.7
0,2528,15.4,11.7
0,2529,15.4,11.7
0,2530,15.4,11.7
0,2531,15.4,11.7
0,2532,15.4,11.7
0,2533,15.4,11.7
0,2534,15.4,11.7
0,2535,15.4,11.7
0,2536,15.4,11.7
0,2537,15.4,11.7
0,2538,15.4,11.7
0,2539,15.4,11.7
0,2540,15.4,11.7
0,2541,15.4,11.7
0,2542,15.4,11.7
0,2543,15.4,11.7
0,2544,15.4,11.7
0,2545,15.4,11.7
0,2546,15.4,11.7
0,2547,15.4,11.7
0,2548,15.4,11.7
0,2549,15.4,11.7
0,2550,15.4,11.7
0,2551,15.4,11.7
0,2551,15.4,11.7
0,2552,15.4,11.7
0,2553,15.4,11.7
0,2554,15.4,11.7
0,2555,15.39,11.7
0,2556,15.39,11.7
0,2557,15.39,11.7
0,2558,15.39,11.7
0,2559,15.39,11.7
0,2560,15.39,11.7
0,2561,15.39,11.7
0,2562,15.39,11.7
0,2563,15.39,11.7
0,2564,15.39,11.7
0,2565,15.39,11.7
0,2566,15.39,11.7
0,2567,15.39,11.7
0,2568,15.39,11.7
0,2569,15.39,11.7
0,2570,15.39,11.7
0,2571,15.39,11.7
0,2572,15.39,11.7
0,2573,15.39,11.7
0,2574,15.39,11.7
0,2575,15.39,11.7
0,2576,15.39,11.7
0,2577,15.39,11.7
0,2578,15.39,11.7
0,2579,15.39,11.7
0,2580,15.39,11.7
0,2581,15.39,11.7
0,2582,15.39,11.7
0,2583,15.39,11.7
0,2584,15.39,11.7
0,2585,15.39,11.7
0,2586,15.39,11.7
0,2587,15.39,11.7
0,2588,15.39,11.7
0,2589,15.39,11.7
0,2590,15.39,11.7
0,2591,15.39,11.7
0,2592,15.39,11.7
0,2593,15.39,11.7
0,2594,15.39,11.7
0,2595,15.39,11.7
0,2596,15.39,11.7
0,2597,15.39,11.7
0,2598,15.39,11.7
0,2599,15.39,11.7
0,2600,15.39,11.7
0,2601,15.39,11.7
0,2602,15.39,11.7
0,2603,15.39,11.7
0,2604,15.39,11.7
0,2605,15.39,11.7
0,2606,15.39,11.7
0,2607,15.39,11.7
0,2608,15.39,11.7
0,2609,15.39,11.7
0,2610,15.39,11.7
0,2611,15.39,11.7
0,2612,15.39,11.7
0,2613,15.39,11.7
0,2614,15.39,11.7
0,2615,15.39,11.7
0,2616,15.39,11.6
0,2617,15.39,11.7
0,2618,15.39,11.7
0,2619,15.39,11.7
0,2620,15.39,11.7
0,2621,15.39,11.7
0,2622,15.39,11.7
0,2623,15.39,11.6
0,2624,15.39,11.6
0,2625,15.39,11.6
0,2626,15.39,11.7
0,2627,15.39,11.6
0,2628,15.39,11.7
0,2628,15.39,11.6
0,2629,15.39,11.6
0,2630,15.39,11.6
0,2631,15.39,11.6
0,2632,15.39,11.6
0,2633,15.39,11.6
0,2634,15.39,11.6
0,2635,15.39,11.6
0,2636,15.39,11.6
0,2637,15.39,11.6
0,2638,15.39,11.6
0,2639,15.39,11.6
0,2640,15.39,11.6
0,2641,15.39,11.6
0,2642,15.39,11.6
0,2643,15.38,11.6
0,2644,15.38,11.6
0,2645,15.38,11.6
0,2646,15.38,11.6
0,2647,15.39,11.6
0,2648,15.38,11.6
0,2649,15.38,11.6
0,2650,15.38,11.6
0,2651,15.39,11.6
0,2652,15.38,11.6
0,2653,15.38,11.6
0,2654,15.38,11.6
0,2655,15.38,11.6
0,2656,15.38,11.6
0,2657,15.38,11.6
0,2658,15.38,11.6
0,2659,15.38,11.6
0,2660,15.38,11.6
0,2661,15.38,11.6
0,2662,15.38,11.6
0,2663,15.38,11.6
0,2664,15.38,11.6
0,2665,15.38,11.6
0,2666,15.38,11.6
0,2667,15.38,11.6
0,2668,15.38,11.6
0,2669,15.38,11.6
0,2670,15.38,11.6
0,2671,15.38,11.6
0,2672,15.38,11.6
0,2673,15.38,11.6
0,2674,15.38,11.6
0,2675,15.38,11.6
0,2676,15.38,11.6
0,2677,15.38,11.6
0,2678,15.38,11.6
0,2679,15.38,11.6
0,2680,15.38,11.6
0,2681,15.38,11.6
0,2682,15.38,11.6
0,2683,15.38,11.6
0,2684,15.38,11.6
0,2685,15.38,11.6
0,2686,15.38,11.6
0,2687,15.38,11.6
0,2688,15.38,11.6
0,2689,15.38,11.6
0,2690,15.38,11.6
0,2691,15.38,11.6
0,2691,15.38,11.6
0,2692,15.38,11.6
0,2693,15.38,11.6
0,2694,15.38,11.6
0,2695,15.38,11.6
0,2696,15.38,11.6
0,2697,15.38,11.6
0,2698,15.38,11.6
0,2699,15.37,11.6
0,2700,15.37,11.6
0,2701,15.38,11.6
0,2702,15.38,11.6
0,2703,15.37,11.6
0,2704,15.38,11.6
0,2704,15.37,11.6
0,2705,15.37,11.6
0,2706,15.37,11.6
0,2707,15.37,11.6
0,2708,15.37,11.6
0,2709,15.37,11.6
0,2710,15.37,11.6
0,2711,15.38,11.6
0,2712,15.38,11.6
0,2713,15.37,11.6
0,2714,15.37,11.6
0,2715,15.37,11.6
0,2716,15.37,11.6
0,2717,15.37,11.6
0,2718,15.37,11.6
0,2719,15.37,11.6
0,2720,15.37,11.6
0,2721,15.37,11.6
0,2722,15.37,11.6
0,2723,15.37,11.6
0,2724,15.37,11.6
0,2725,15.37,11.6
0,2726,15.37,11.6
0,2727,15.37,11.6
0,2728,15.37,11.6
0,2729,15.37,11.6
0,2730,15.37,11.6
0,2731,15.37,11.6
0,2732,15.37,11.6
0,2733,15.37,11.6
0,2734,15.37,11.6
0,2735,15.37,11.6
0,2736,15.37,11.6
0,2737,15.37,11.6
0,2738,15.37,11.6
0,2739,15.37,11.6
0,2740,15.37,11.6
0,2741,15.37,11.6
0,2742,15.37,11.6
0,2743,15.37,11.6
0,2744,15.37,11.6
0,2745,15.37,11.6
0,2746,15.37,11.6
0,2747,15.37,11.6
0,2748,15.37,11.6
0,2749,15.37,11.6
0,2750,15.37,11.6
0,2751,15.37,11.6
0,2752,15.37,11.6
0,2753,15.37,11.6
0,2754,15.37,11.6
0,2755,15.36,11.6
0,2755,15.37,11.6
0,2756,15.37,11.6
0,2757,15.36,11.6
0,2758,15.36,11.6
0,2759,15.37,11.6
0,2760,15.37,11.6
0,2761,15.36,11.6
0,2762,15.37,11.6
0,2763,15.36,11.6
0,2764,15.37,11.6
0,2765,15.36,11.6
0,2766,15.36,11.6
0,2767,15.36,11.6
0,2768,15.36,11.6
0,2769,15.36,11.6
0,2770,15.36,11.6
0,2771,15.36,11.6
0,2772,15.36,11.6
0,2773,15.36,11.6
0,2774,15.36,11.6
0,2775,15.36,11.6
0,2776,15.36,11.6
0,2777,15.36,11.6
0,2778,15.36,11.6
0,2779,15.36,11.6
0,2780,15.36,11.6
0,2781,15.36,11.6
0,2782,15.36,11.6
0,2783,15.36,11.6
0,2784,15.36,11.6
0,2785,15.36,11.6
0,2786,15.36,11.6
0,2787,15.36,11.6
0,2788,15.36,11.6
0,2789,15.36,11.6
0,2790,15.36,11.6
0,2791,15.36,11.6
0,2792,15.36,11.6
0,2793,15.36,11.6
0,2794,15.37,11.6
0,2795,15.37,11.6
0,2796,15.37,11.6
0,2797,15.37,11.6
0,2798,15.37,11.6
0,2799,15.37,11.6
0,2800,15.37,11.6
0,2801,15.37,11.6
0,2802,15.37,11.6
0,2803,15.37,11.6
0,2804,15.37,11.6
0,2805,15.37,11.6
0,2806,15.37,11.6
0,2807,15.37,11.6
0,2808,15.37,11.6
0,2809,15.36,11.6
0,2810,15.36,11.6
0,2811,15.36,11.6
0,2812,15.36,11.6
0,2813,15.36,11.6
0,2814,15.36,11.6
0,2815,15.36,11.6
0,2816,15.36,11.6
0,2817,15.36,11.6
0,2818,15.36,11.6
0,2819,15.36,11.6
0,2820,15.36,11.6
0,2821,15.36,11.6
0,2822,15.36,11.6
0,2823,15.36,11.6
0,2824,15.36,11.6
0,2825,15.36,11.6
0,2826,15.36,11.6
0,2827,15.36,11.6
0,2828,15.36,11.6
0,2829,15.36,11.6
0,2830,15.36,11.6
0,2831,15.36,11.6
0,2832,15.36,11.6
0,2833,15.36,11.6
0,2834,15.36,11.6
0,2835,15.36,11.6
0,2836,15.36,11.6
0,2837,15.36,11.6
0,2838,15.36,11.6
0,2839,15.36,11.6
0,2840,15.36,11.6
0,2841,15.36,11.6
0,2842,15.36,11.6
0,2843,15.36,11.6
0,2844,15.36,11.6
0,2845,15.36,11.6
0,2846,15.36,11.6
0,2847,15.36,11.6
0,2848,15.35,11.6
0,2849,15.35,11.6
0,2850,15.35,11.6
0,2851,15.35,11.6
0,2852,15.36,11.6
0,2853,15.36,11.6
0,2854,15.35,11.6
0,2855,15.35,11.6
0,2856,15.35,11.6
0,2857,15.35,11.6
0,2858,15.35,11.6
0,2859,15.35,11.6
0,2860,15.35,11.6
0,2861,15.35,11.6
0,2862,15.35,11.6
0,2863,15.35,11.6
0,2864,15.35,11.6
0,2865,15.35,11.6
0,2866,15.35,11.6
0,2867,15.35,11.6
0,2868,15.35,11.6
0,2869,15.35,11.6
0,2870,15.35,11.6
0,2871,15.35,11.6
0,2872,15.35,11.6
0,2873,15.35,11.6
0,2874,15.35,11.6
0,2875,15.35,11.6
0,2876,15.35,11.6
0,2877,15.35,11.6
0,2878,15.35,11.6
0,2879,15.35,11.6
0,2880,15.35,11.6
0,2881,15.35,11.6
0,2882,15.35,11.6
0,2883,15.35,11.6
0,2884,15.35,11.6
0,2885,15.35,11.6
0,2886,15.35,11.6
0,2887,15.35,11.6
0,2888,15.35,11.6
0,2889,15.35,11.6
0,2890,15.35,11.6
0,2891,15.35,11.6
0,2892,15.35,11.6
0,2893,15.35,11.6
0,2894,15.35,11.6
0,2895,15.35,11.6
0,2896,15.35,11.6
0,2897,15.35,11.6
0,2898,15.35,11.6
0,2899,15.35,11.6
0,2900,15.35,11.6
0,2901,15.35,11.6
0,2902,15.35,11.6
0,2903,15.35,11.6
0,2904,15.35,11.6
0,2905,15.35,11.6
0,2906,15.35,11.6
0,2907,15.35,11.6
0,2908,15.34,11.6
0,2909,15.34,11.6
0,2910,15.34,11.6
0,2911,15.34,11.6
0,2912,15.34,11.6
0,2913,15.35,11.6
0,2914,15.35,11.6
0,2915,15.34,11.6
0,2916,15.34,11.6
0,2917,15.34,11.6
0,2918,15.34,11.6
0,2919,15.34,11.6
0,2920,15.34,11.6
0,2921,15.34,11.6
0,2922,15.34,11.6
0,2923,15.34,11.6
0,2924,15.34,11.6
0,2925,15.34,11.6
0,2926,15.34,11.6
0,2927,15.34,11.6
0,2928,15.34,11.6
0,2929,15.35,11.6
0,2930,15.34,11.6
0,2931,15.34,11.6
0,2932,15.34,11.6
0,2933,15.34,11.6
0,2934,15.34,11.6
0,2935,15.34,11.6
0,2936,15.35,11.6
0,2937,15.34,11.6
0,2938,15.34,11.6
0,2939,15.34,11.6
0,2940,15.34,11.6
0,2941,15.34,11.6
0,2942,15.34,11.6
0,2943,15.34,11.6
0,2944,15.34,11.6
0,2945,15.34,11.6
0,2946,15.34,11.6
0,2947,15.34,11.6
0,2948,15.34,11.6
0,2949,15.34,11.6
0,2950,15.34,11.6
0,2951,15.34,11.6
0,2952,15.34,11.6
0,2953,15.34,11.6
0,2954,15.34,11.6
0,2955,15.34,11.6
0,2956,15.34,11.6
0,2957,15.34,11.6
0,2958,15.34,11.6
0,2959,15.34,11.6
0,2960,15.34,11.6
0,2961,15.34,11.6
0,2962,15.34,11.6
0,2963,15.34,11.6
0,2964,15.34,11.6
0,2965,15.34,11.6
0,2966,15.34,11.6
0,2967,15.34,11.6
0,2968,15.34,11.6
0,2969,15.34,11.6
0,2970,15.34,11.6
0,2971,15.34,11.6
0,2972,15.34,11.6
0,2973,15.34,11.6
0,2974,15.34,11.6
0,2975,15.34,11.6
0,2976,15.34,11.6
0,2977,15.34,11.6
0,2978,15.34,11.6
0,2979,15.34,11.6
0,2980,15.34,11.6
0,2981,15.34,11.6
0,2982,15.34,11.6
0,2983,15.34,11.6
0,2984,15.34,11.6
0,2985,15.34,11.6
0,2985,15.34,11.6
0,2986,15.34,11.6
0,2987,15.34,11.6
0,2988,15.34,11.6
0,2989,15.34,11.6
0,2990,15.34,11.6
0,2991,15.34,11.6
0,2992,15.34,11.6
0,2993,15.34,11.6
0,2994,15.34,11.6
0,2995,15.34,11.6
0,2996,15.34,11.6
0,2997,15.34,11.6
0,2998,15.34,11.6
0,2999,15.34,11.6
0,3000,15.33,11.6
0,3001,15.34,11.6
0,3002,15.33,11.6
0,3003,15.34,11.6
0,3004,15.34,11.6
0,3005,15.34,11.6
0,3006,15.34,11.6
0,3007,15.33,11.6
0,3008,15.34,11.6
0,3009,15.34,11.6
0,3010,15.34,11.6
0,3010,15.33,11.6
0,3011,15.33,11.6
0,3012,15.33,11.6
0,3013,15.33,11.6
0,3014,15.33,11.6
0,3015,15.33,11.6
0,3016,15.33,11.6
0,3017,15.33,11.6
0,3018,15.34,11.6
0,3019,15.33,11.6
0,3020,15.33,11.6
0,3021,15.33,11.6
0,3022,15.33,11.6
0,3023,15.33,11.6
0,3023,15.34,11.6
0,3024,15.33,11.6
0,3025,15.33,11.6
0,3026,15.33,11.6
0,3027,15.33,11.6
0,3028,15.33,11.6
0,3029,15.33,11.6
0,3030,15.33,11.6
0,3031,15.33,11.6
0,3032,15.33,11.6
0,3033,15.33,11.6
0,3034,15.33,11.6
0,3035,15.33,11.6
0,3036,15.33,11.6
0,3037,15.33,11.6
0,3038,15.33,11.6
0,3039,15.33,11.6
0,3040,15.33,11.6
0,3041,15.33,11.6
0,3042,15.33,11.6
0,3043,15.33,11.6
0,3044,15.33,11.6
0,3045,15.33,11.6
0,3046,15.33,11.6
0,3047,15.33,11.6
0,3048,15.33,11.6
0,3049,15.33,11.6
0,3050,15.33,11.6
0,3051,15.33,11.6
0,3052,15.33,11.6
0,3053,15.33,11.6
0,3054,15.33,11.6
0,3055,15.33,11.6
0,3056,15.33,11.6
0,3057,15.33,11.6
0,3058,15.33,11.6
0,3059,15.33,11.6
0,3060,15.33,11.6
0,3061,15.33,11.6
0,3062,15.33,11.6
0,3063,15.33,11.6
0,3064,15.33,11.6
0,3065,15.33,11.6
0,3066,15.33,11.6
0,3067,15.33,11.6
0,3068,15.33,11.6
0,3069,15.33,11.6
0,3070,15.33,11.6
0,3071,15.33,11.6
0,3072,15.33,11.6
0,3073,15.33,11.6
0,3074,15.33,11.6
0,3075,15.33,11.6
0,3076,15.33,11.6
0,3077,15.33,11.6
0,3078,15.33,11.6
0,3079,15.33,11.6
0,3080,15.33,11.6
0,3081,15.33,11.6
0,3082,15.33,11.6
0,3083,15.33,11.6
0,3084,15.33,11.6
0,3085,15.33,11.6
0,3086,15.33,11.6
0,3087,15.33,11.6
0,3088,15.33,11.6
0,3089,15.33,11.6
0,3090,15.32,11.6
0,3091,15.33,11.6
0,3092,15.33,11.6
0,3093,15.33,11.6
0,3094,15.32,11.6
0,3095,15.33,11.6
0,3096,15.33,11.6
0,3097,15.32,11.6
0,3098,15.33,11.6
0,3099,15.33,11.6
0,3100,15.33,11.6
0,3101,15.32,11.6
0,3102,15.32,11.6
0,3103,15.33,11.6
0,3104,15.33,11.6
0,3105,15.32,11.6
0,3106,15.32,11.6
0,3107,15.33,11.6
0,3108,15.32,11.6
0,3109,15.32,11.6
0,3110,15.32,11.6
0,3111,15.32,11.6
0,3112,15.32,11.6
0,3113,15.32,11.6
0,3114,15.32,11.6
0,3115,15.32,11.6
0,3116,15.32,11.6
0,3117,15.32,11.5
0,3118,15.32,11.5
0,3119,15.32,11.5
0,3120,15.32,11.5
0,3121,15.32,11.6
0,3122,15.32,11.5
0,3123,15.32,11.5
0,3124,15.32,11.5
0,3125,15.32,11.5
0,3126,15.32,11.5
0,3127,15.32,11.5
0,3128,15.32,11.5
0,3129,15.32,11.5
0,3130,15.32,11.5
0,3131,15.32,11.5
0,3132,15.32,11.5
0,3133,15.32,11.5
0,3134,15.32,11.5
0,3135,15.32,11.5
0,3136,15.32,11.5
0,3137,15.32,11.5
0,3138,15.31,11.5
0,3138,15.32,11.5
0,3139,15.31,11.5
0,3140,15.31,11.5
0,3141,15.32,11.5
0,3142,15.31,11.5
0,3143,15.32,11.5
0,3144,15.31,11.5
0,3145,15.31,11.5
0,3146,15.31,11.5
0,3147,15.31,11.5
0,3148,15.31,11.5
0,3149,15.31,11.5
0,3150,15.31,11.5
0,3151,15.31,11.5
0,3152,15.31,11.5
0,3153,15.31,11.5
0,3154,15.31,11.5
0,3155,15.31,11.5
0,3156,15.31,11.5
0,3157,15.31,11.5
0,3158,15.31,11.5
0,3159,15.31,11.5
0,3160,15.31,11.5
0,3161,15.31,11.5
0,3162,15.31,11.5
0,3163,15.31,11.5
0,3164,15.31,11.5
0,3165,15.31,11.5
0,3166,15.31,11.5
0,3167,15.31,11.5
0,3168,15.31,11.5
0,3169,15.31,11.5
0,3170,15.31,11.5
0,3171,15.31,11.5
0,3172,15.31,11.5
0,3173,15.31,11.5
0,3174,15.31,11.5
0,3175,15.31,11.5
0,3176,15.31,11.5
0,3177,15.31,11.5
0,3178,15.31,11.5
0,3179,15.31,11.5
0,3180,15.31,11.5
0,3181,15.31,11.5
0,3182,15.31,11.5
0,3183,15.31,11.5
0,3184,15.31,11.5
0,3185,15.31,11.5
0,3186,15.3,11.5
0,3187,15.31,11.5
0,3188,15.3,11.5
0,3189,15.3,11.5
0,3189,15.31,11.5
0,3190,15.3,11.5
0,3191,15.31,11.5
0,3192,15.3,11.5
0,3193,15.3,11.5
0,3194,15.3,11.5
0,3195,15.3,11.5
0,3196,15.31,11.5
0,3197,15.31,11.5
0,3198,15.31,11.5
0,3199,15.3,11.5
0,3200,15.31,11.5
0,3201,15.3,11.5
0,3201,15.31,11.5
0,3202,15.3,11.5
0,3203,15.3,11.5
0,3204,15.3,11.5
0,3205,15.3,11.5
0,3206,15.3,11.5
0,3207,15.31,11.5
0,3208,15.3,11.5
0,3209,15.31,11.5
0,3210,15.31,11.5
0,3211,15.3,11.5
0,3212,15.3,11.5
0,3213,15.3,11.5
0,3214,15.3,11.5
0,3215,15.3,11.5
0,3216,15.3,11.5
0,3217,15.3,11.5
0,3218,15.3,11.5
0,3219,15.3,11.5
0,3220,15.3,11.5
0,3221,15.3,11.5
0,3222,15.3,11.5
0,3223,15.3,11.5
0,3224,15.3,11.5
0,3225,15.3,11.5
0,3226,15.3,11.5
0,3227,15.3,11.5
0,3228,15.3,11.5
0,3229,15.3,11.5
0,3230,15.3,11.5
0,3231,15.3,11.5
0,3232,15.3,11.5
0,3233,15.3,11.5
0,3234,15.3,11.5
0,3235,15.3,11.5
0,3236,15.3,11.5
0,3237,15.3,11.5
0,3238,15.3,11.5
0,3239,15.3,11.5
0,3240,15.3,11.5
0,3240,15.3,11.5
0,3241,15.3,11.5
0,3242,15.3,11.5
0,3243,15.3,11.5
0,3244,15.3,11.5
0,3245,15.3,11.5
0,3246,15.3,11.5
0,3247,15.29,11.5
0,3248,15.29,11.5
0,3249,15.3,11.5
0,3250,15.29,11.5
0,3251,15.3,11.5
0,3252,15.29,11.5
0,3253,15.3,11.5
0,3254,15.29,11.5
0,3255,15.3,11.5
0,3256,15.29,11.5
0,3257,15.29,11.5
0,3258,15.29,11.5
0,3259,15.29,11.5
0,3260,15.29,11.5
0,3261,15.29,11.5
0,3262,15.29,11.5
0,3263,15.29,11.5
0,3264,15.29,11.5
0,3265,15.29,11.5
0,3266,15.29,11.5
0,3267,15.29,11.5
0,3268,15.29,11.5
0,3269,15.29,11.5
0,3270,15.29,11.5
0,3271,15.29,11.5
0,3272,15.29,11.5
0,3273,15.29,11.5
0,3274,15.29,11.5
0,3275,15.29,11.5
0,3276,15.29,11.5
0,3277,15.29,11.5
0,3278,15.29,11.5
0,3279,15.29,11.5
0,3280,15.29,11.5
0,3281,15.29,11.5
0,3282,15.29,11.5
0,3283,15.29,11.5
0,3284,15.29,11.5
0,3285,15.29,11.5
0,3286,15.29,11.5
0,3287,15.29,11.5
0,3288,15.29,11.5
0,3289,15.29,11.5
0,3290,15.29,11.5
0,3291,15.29,11.5
0,3292,15.29,11.5
0,3293,15.29,11.5
0,3294,15.28,11.5
0,3295,15.29,11.5
0,3296,15.29,11.5
0,3297,15.29,11.5
0,3298,15.29,11.5
0,3299,15.29,11.5
0,3300,15.29,11.5
0,3301,15.29,11.5
0,3302,15.29,11.5
0,3303,15.29,11.5
0,3304,15.29,11.5
0,3305,15.29,11.5
0,3306,15.29,11.5
0,3307,15.29,11.5
0,3308,15.29,11.5
0,3309,15.29,11.5
0,3310,15.29,11.5
0,3311,15.28,11.5
0,3312,15.28,11.5
0,3313,15.28,11.5
0,3314,15.28,11.5
0,3315,15.28,11.5
0,3316,15.28,11.5
0,3317,15.28,11.5
0,3318,15.28,11.5
0,3319,15.28,11.5
0,3320,15.28,11.5
0,3321,15.28,11.5
0,3322,15.28,11.5
0,3323,15.28,11.5
0,3324,15.28,11.5
0,3325,15.28,11.5
0,3326,15.28,11.5
0,3327,15.28,11.5
0,3328,15.28,11.5
0,3329,15.28,11.5
0,3330,15.28,11.5
0,3331,15.28,11.5
0,3332,15.28,11.5
0,3333,15.28,11.5
0,3334,15.28,11.5
0,3335,15.28,11.5
0,3336,15.28,11.5
0,3337,15.28,11.5
0,3338,15.28,11.5
0,3339,15.28,11.5
0,3340,15.28,11.5
0,3341,15.28,11.5
0,3342,15.28,11.5
0,3343,15.28,11.5
0,3344,15.28,11.5
0,3345,15.28,11.5
0,3346,15.28,11.5
0,3347,15.28,11.5
0,3348,15.28,11.5
0,3349,15.28,11.5
0,3350,15.28,11.5
0,3351,15.28,11.5
0,3352,15.28,11.5
0,3353,15.27,11.5
0,3354,15.28,11.5
0,3355,15.27,11.5
0,3356,15.27,11.5
0,3357,15.27,11.5
0,3358,15.27,11.5
0,3359,15.27,11.5
0,3360,15.27,11.5
0,3361,15.27,11.5
0,3362,15.27,11.5
0,3363,15.27,11.5
0,3364,15.27,11.5
0,3365,15.27,11.5
0,3366,15.27,11.5
0,3367,15.27,11.5
0,3368,15.27,11.5
0,3369,15.27,11.5
0,3370,15.27,11.5
0,3371,15.27,11.5
0,3372,15.27,11.5
0,3373,15.27,11.5
0,3374,15.27,11.5
0,3375,15.27,11.5
0,3376,15.27,11.5
0,3377,15.27,11.5
0,3378,15.27,11.5
0,3379,15.27,11.5
0,3380,15.27,11.5
0,3381,15.27,11.5
0,3382,15.27,11.5
0,3383,15.26,11.5
0,3384,15.27,11.5
0,3385,15.27,11.5
0,3386,15.26,11.5
0,3387,15.27,11.5
0,3388,15.27,11.5
0,3389,15.26,11.5
0,3390,15.26,11.5
0,3391,15.26,11.5
0,3392,15.26,11.5
0,3393,15.26,11.5
0,3394,15.26,11.5
0,3395,15.26,11.5
0,3396,15.26,11.5
0,3397,15.26,11.5
0,3398,15.26,11.5
0,3399,15.26,11.5
0,3400,15.26,11.5
0,3401,15.26,11.5
0,3402,15.26,11.5
0,3403,15.26,11.5
0,3404,15.26,11.5
0,3405,15.26,11.5
0,3406,15.26,11.5
0,3407,15.26,11.5
0,3408,15.26,11.5
0,3409,15.26,11.5
0,3410,15.26,11.5
0,3411,15.26,11.5
0,3412,15.26,11.5
0,3413,15.26,11.5
0,3414,15.26,11.5
0,3415,15.26,11.5
0,3416,15.26,11.5
0,3417,15.26,11.5
0,3418,15.26,11.5
0,3419,15.26,11.5
0,3420,15.26,11.5
0,3421,15.26,11.5
0,3422,15.26,11.5
0,3423,15.26,11.5
0,3424,15.26,11.5
0,3425,15.26,11.5
0,3426,15.26,11.5
0,3427,15.26,11.5
0,3428,15.26,11.5
0,3429,15.26,11.5
0,3430,15.26,11.5
0,3431,15.26,11.5
0,3432,15.26,11.5
0,3433,15.26,11.5
0,3434,15.26,11.5
0,3435,15.26,11.5
0,3436,15.26,11.5
0,3437,15.26,11.5
0,3438,15.26,11.5
0,3439,15.26,11.5
0,3440,15.26,11.5
0,3441,15.26,11.5
0,3442,15.25,11.5
0,3443,15.25,11.5
0,3444,15.26,11.5
0,3445,15.25,11.5
0,3446,15.25,11.5
0,3447,15.25,11.5
0,3448,15.25,11.5
0,3449,15.25,11.5
0,3450,15.25,11.5
0,3451,15.25,11.5
0,3452,15.25,11.5
0,3453,15.25,11.5
0,3454,15.25,11.5
0,3455,15.25,11.5
0,3456,15.25,11.5
0,3457,15.25,11.5
0,3458,15.25,11.5
0,3459,15.25,11.5
0,3460,15.25,11.5
0,3461,15.25,11.5
0,3462,15.25,11.5
0,3463,15.25,11.5
0,3464,15.25,11.5
0,3465,15.25,11.5
0,3466,15.25,11.5
0,3467,15.25,11.5
0,3468,15.25,11.5
0,3469,15.25,11.5
0,3470,15.25,11.5
0,3471,15.25,11.5
0,3472,15.25,11.5
0,3473,15.25,11.5
0,3474,15.25,11.5
0,3475,15.25,11.5
0,3476,15.25,11.5
0,3477,15.25,11.5
0,3478,15.25,11.5
0,3479,15.25,11.5
0,3480,15.25,11.5
0,3481,15.25,11.5
0,3482,15.25,11.5
0,3483,15.24,11.4
0,3484,15.24,11.4
0,3485,15.24,11.4
0,3486,15.24,11.4
0,3487,15.24,11.4
0,3488,15.24,11.5
0,3489,15.24,11.4
0,3490,15.24,11.4
0,3491,15.24,11.4
0,3492,15.24,11.4
0,3493,15.24,11.4
0,3494,15.24,11.4
0,3495,15.24,11.4
0,3496,15.24,11.4
0,3497,15.24,11.4
0,3498,15.24,11.4
0,3499,15.24,11.4
0,3500,15.24,11.4
0,3501,15.24,11.4
0,3502,15.24,11.4
0,3503,15.24,11.4
0,3504,15.24,11.4
0,3505,15.24,11.4
0,3506,15.24,11.4
0,3507,15.24,11.4
0,3508,15.24,11.4
0,3509,15.24,11.4
0,3510,15.24,11.4
0,3511,15.24,11.4
0,3512,15.24,11.4
0,3513,15.24,11.4
0,3514,15.24,11.4
0,3515,15.24,11.4
0,3516,15.24,11.4
0,3517,15.24,11.4
0,3518,15.24,11.4
0,3519,15.24,11.4
0,3520,15.24,11.4
0,3521,15.24,11.4
0,3522,15.24,11.4
0,3523,15.24,11.4
0,3524,15.24,11.4
0,3525,15.24,11.4
0,3526,15.24,11.4
0,3527,15.24,11.4
0,3528,15.24,11.4
0,3529,15.24,11.4
0,3530,15.24,11.4
0,3531,15.24,11.4
0,3532,15.24,11.4
0,3533,15.24,11.4
0,3534,15.24,11.4
0,3535,15.24,11.4
0,3536,15.24,11.4
0,3537,15.24,11.4
0,3538,15.24,11.4
0,3539,15.24,11.4
0,3540,15.24,11.4
0,3541,15.24,11.4
0,3542,15.24,11.4
0,3543,15.23,11.4
0,3544,15.23,11.4
0,3545,15.24,11.4
0,3545,15.23,11.4
0,3546,15.23,11.4
0,3547,15.23,11.4
0,3548,15.23,11.4
0,3549,15.23,11.4
0,3550,15.23,11.4
0,3551,15.23,11.4
0,3552,15.23,11.4
0,3553,15.23,11.4
0,3554,15.23,11.4
0,3555,15.23,11.4
0,3556,15.23,11.4
0,3557,15.23,11.4
0,3558,15.23,11.4
0,3559,15.23,11.4
0,3560,15.23,11.4
0,3561,15.23,11.4
0,3562,15.23,11.4
0,3563,15.23,11.4
0,3564,15.23,11.4
0,3565,15.23,11.4
0,3566,15.23,11.4
0,3567,15.23,11.4
0,3568,15.23,11.4
0,3569,15.23,11.4
0,3570,15.23,11.4
0,3571,15.23,11.4
0,3572,15.23,11.4
0,3573,15.23,11.4
0,3574,15.23,11.4
0,3575,15.23,11.4
0,3576,15.23,11.4
0,3577,15.23,11.4
0,3578,15.23,11.4
0,3579,15.23,11.4
0,3580,15.23,11.4
0,3581,15.23,11.4
0,3582,15.23,11.4
0,3583,15.23,11.4
0,3584,15.23,11.4
0,3585,15.23,11.4
0,3586,15.23,11.4
0,3587,15.23,11.4
0,3588,15.23,11.4
0,3589,15.23,11.4
0,3590,15.23,11.4
0,3591,15.22,11.4
0,3592,15.23,11.4
0,3593,15.22,11.4
0,3594,15.22,11.4
0,3595,15.22,11.4
0,3596,15.22,11.4
0,3597,15.22,11.4
0,3598,15.22,11.4
0,3599,15.22,11.4
0,3600,15.22,11.4
0,3601,15.22,11.4
0,3602,15.22,11.4
0,3603,15.22,11.4
0,3604,15.22,11.4
0,3605,15.22,11.4
0,3606,15.22,11.4
0,3607,15.22,11.4
0,3608,15.22,11.4
0,3609,15.22,11.4
0,3609,15.22,11.4
0,3610,15.22,11.4
0,3611,15.22,11.4
0,3612,15.22,11.4
0,3613,15.22,11.4
0,3614,15.22,11.4
0,3615,15.22,11.4
0,3616,15.22,11.4
0,3617,15.22,11.4
0,3618,15.22,11.4
0,3619,15.22,11.4
0,3620,15.22,11.4
0,3621,15.22,11.4
0,3622,15.22,11.4
0,3623,15.22,11.4
0,3624,15.22,11.4
0,3625,15.22,11.4
0,3626,15.22,11.4
0,3627,15.22,11.4
0,3628,15.22,11.4
0,3629,15.22,11.4
0,3630,15.22,11.4
0,3631,15.22,11.4
0,3632,15.22,11.4
0,3633,15.22,11.4
0,3634,15.22,11.4
0,3635,15.22,11.4
0,3636,15.22,11.4
0,3637,15.22,11.4
0,3638,15.22,11.4
0,3639,15.22,11.4
0,3640,15.22,11.4
0,3641,15.22,11.4
0,3642,15.22,11.4
0,3643,15.22,11.4
0,3644,15.22,11.4
0,3645,15.22,11.4
0,3646,15.22,11.4
0,3647,15.22,11.4
0,3648,15.22,11.4
0,3649,15.22,11.4
0,3650,15.22,11.4
0,3651,15.22,11.4
0,3652,15.22,11.4
0,3653,15.22,11.4
0,3654,15.22,11.4
0,3655,15.22,11.4
0,3656,15.22,11.4
0,3657,15.22,11.4
0,3658,15.22,11.4
0,3659,15.22,11.4
0,3660,15.22,11.4
0,3661,15.22,11.4
0,3662,15.22,11.4
0,3663,15.22,11.4
0,3664,15.21,11.4
0,3665,15.22,11.4
0,3666,15.22,11.4
0,3667,15.21,11.4
0,3668,15.21,11.4
0,3669,15.21,11.4
0,3670,15.21,11.4
0,3671,15.21,11.4
0,3672,15.21,11.4
0,3673,15.21,11.4
0,3674,15.21,11.4
0,3675,15.21,11.4
0,3676,15.21,11.4
0,3677,15.21,11.4
0,3678,15.21,11.4
0,3679,15.21,11.4
0,3680,15.21,11.4
0,3681,15.21,11.4
0,3682,15.21,11.4
0,3683,15.21,11.4
0,3684,15.21,11.4
0,3685,15.2,11.4
0,3686,15.21,11.4
0,3687,15.2,11.4
0,3688,15.2,11.4
0,3689,15.2,11.4
0,3690,15.2,11.4
0,3691,15.2,11.4
0,3692,15.2,11.4
0,3693,15.2,11.4
0,3694,15.2,11.4
0,3695,15.2,11.4
0,3696,15.2,11.4
0,3697,15.2,11.4
0,3698,15.2,11.4
0,3699,15.2,11.4
0,3700,15.2,11.4
0,3701,15.2,11.4
0,3702,15.2,11.4
0,3703,15.2,11.4
0,3704,15.2,11.4
0,3705,15.2,11.4
0,3706,15.2,11.4
0,3707,15.2,11.4
0,3708,15.2,11.4
0,3709,15.21,11.4
0,3710,15.21,11.4
0,3711,15.21,11.4
0,3712,15.21,11.4
0,3713,15.21,11.4
0,3714,15.21,11.4
0,3715,15.21,11.4
0,3716,15.21,11.4
0,3717,15.21,11.4
0,3718,15.21,11.4
0,3719,15.21,11.4
0,3720,15.21,11.4
0,3721,15.21,11.4
0,3722,15.21,11.4
0,3723,15.21,11.4
0,3724,15.21,11.4
0,3725,15.21,11.4
0,3726,15.22,11.4
0,3727,15.22,11.4
0,3728,15.22,11.4
0,3729,15.22,11.4
0,3730,15.22,11.4
0,3731,15.22,11.4
0,3732,15.22,11.4
0,3733,15.22,11.4
0,3734,15.22,11.4
0,3735,15.22,11.4
0,3736,15.22,11.4
0,3737,15.22,11.4
0,3738,15.22,11.4
0,3739,15.22,11.4
0,3740,15.22,11.4
0,3741,15.22,11.4
0,3742,15.22,11.4
0,3743,15.22,11.4
0,3744,15.22,11.4
0,3745,15.22,11.4
0,3746,15.22,11.4
0,3747,15.22,11.4
0,3748,15.22,11.4
0,3749,15.22,11.4
0,3750,15.22,11.4
0,3751,15.22,11.4
0,3752,15.22,11.4
0,3753,15.22,11.4
0,3754,15.22,11.4
0,3755,15.22,11.4
0,3756,15.22,11.4
0,3757,15.22,11.4
0,3758,15.22,11.4
0,3759,15.22,11.4
0,3760,15.22,11.4
0,3761,15.22,11.4
0,3762,15.22,11.4
0,3763,15.22,11.4
0,3764,15.22,11.4
0,3765,15.22,11.4
0,3766,15.22,11.4
0,3767,15.22,11.4
0,3768,15.22,11.4
0,3769,15.22,11.4
0,3770,15.22,11.4
0,3771,15.22,11.4
0,3772,15.22,11.4
0,3773,15.22,11.4
0,3774,15.22,11.4
0,3775,15.22,11.4
0,3776,15.22,11.4
0,3777,15.22,11.4
0,3778,15.22,11.4
0,3779,15.22,11.4
0,3780,15.22,11.4
0,3781,15.22,11.4
0,3782,15.22,11.4
0,3783,15.22,11.4
0,3784,15.22,11.4
0,3785,15.22,11.4
0,3786,15.22,11.4
0,3787,15.22,11.4
0,3788,15.22,11.4
0,3789,15.22,11.4
0,3790,15.22,11.4
0,3791,15.22,11.4
0,3792,15.22,11.4
0,3793,15.22,11.4
0,3794,15.22,11.4
0,3795,15.22,11.4
0,3796,15.22,11.4
0,3797,15.22,11.4
0,3798,15.22,11.4
0,3799,15.22,11.4
0,3800,15.22,11.4
0,3801,15.22,11.4
0,3802,15.22,11.4
0,3803,15.22,11.4
0,3804,15.22,11.4
0,3805,15.22,11.4
0,3806,15.22,11.4
0,3807,15.22,11.4
0,3808,15.22,11.4
0,3809,15.22,11.4
0,3810,15.22,11.4
0,3811,15.22,11.4
0,3812,15.22,11.4
0,3813,15.22,11.4
0,3814,15.22,11.4
0,3815,15.22,11.4
0,3816,15.22,11.4
0,3817,15.22,11.4
0,3818,15.22,11.4
0,3819,15.22,11.4
0,3820,15.22,11.4
0,3821,15.22,11.4
0,3822,15.22,11.4
0,3823,15.22,11.4
0,3824,15.22,11.4
0,3825,15.22,11.4
0,3826,15.22,11.4
0,3827,15.22,11.4
0,3828,15.22,11.4
0,3829,15.22,11.4
0,3830,15.22,11.4
0,3831,15.22,11.4
0,3832,15.22,11.4
0,3833,15.22,11.4
0,3834,15.22,11.4
0,3835,15.22,11.4
0,3836,15.22,11.4
0,3837,15.22,11.4
0,3838,15.22,11.4
0,3839,15.22,11.4
0,3840,15.22,11.4
0,3841,15.22,11.4
0,3842,15.22,11.4
0,3843,15.22,11.4
0,3844,15.22,11.4
0,3845,15.22,11.4
0,3846,15.22,11.4
0,3847,15.22,11.4
0,3848,15.22,11.4
0,3849,15.22,11.4
0,3850,15.22,11.4
0,3851,15.22,11.4
0,3852,15.22,11.4
0,3853,15.22,11.4
0,3854,15.22,11.4
0,3855,15.22,11.4
0,3856,15.22,11.4
0,3857,15.22,11.4
0,3858,15.22,11.4
0,3859,15.22,11.4
0,3860,15.22,11.4
0,3861,15.22,11.4
0,3862,15.22,11.4
0,3863,15.22,11.4
0,3864,15.22,11.4
0,3865,15.22,11.4
0,3866,15.22,11.4
0,3867,15.22,11.4
0,3868,15.22,11.4
0,3869,15.22,11.4
0,3870,15.22,11.4
0,3871,15.22,11.4
0,3872,15.22,11.3
0,3873,15.22,11.4
0,3874,15.22,11.3
0,3875,15.22,11.3
0,3876,15.22,11.3
0,3877,15.22,11.3
0,3878,15.22,11.3
0,3879,15.22,11.3
0,3880,15.22,11.3
0,3881,15.22,11.3
0,3882,15.22,11.3
0,3883,15.22,11.3
0,3884,15.22,11.3
0,3885,15.22,11.3
0,3886,15.22,11.3
0,3887,15.22,11.3
0,3888,15.22,11.3
0,3889,15.22,11.3
0,3890,15.22,11.3
0,3891,15.22,11.3
0,3892,15.22,11.3
0,3893,15.22,11.3
0,3894,15.22,11.3
0,3895,15.22,11.3
0,3896,15.22,11.3
0,3897,15.22,11.3
0,3898,15.22,11.3
0,3899,15.22,11.3
0,3900,15.22,11.3
0,3901,15.22,11.3
0,3902,15.22,11.3
0,3903,15.22,11.3
0,3904,15.22,11.3
0,3905,15.22,11.3
0,3906,15.22,11.3
0,3907,15.22,11.3
0,3908,15.22,11.3
0,3909,15.22,11.3
0,3910,15.22,11.3
0,3911,15.22,11.3
0,3912,15.22,11.3
0,3913,15.22,11.3
0,3914,15.22,11.3
0,3915,15.22,11.3
0,3916,15.22,11.3
0,3917,15.22,11.3
0,3918,15.22,11.3
0,3919,15.22,11.3
0,3920,15.22,11.3
0,3921,15.22,11.3
0,3922,15.22,11.3
0,3923,15.22,11.3
0,3924,15.22,11.3
0,3925,15.21,11.3
0,3926,15.21,11.3
0,3927,15.21,11.3
0,3927,15.22,11.3
0,3928,15.21,11.3
0,3929,15.22,11.3
0,3930,15.22,11.3
0,3931,15.21,11.3
0,3932,15.22,11.3
0,3933,15.21,11.3
0,3934,15.22,11.3
0,3935,15.21,11.3
0,3936,15.22,11.3
0,3937,15.21,11.3
0,3938,15.21,11.3
0,3939,15.21,11.3
0,3940,15.21,11.3
0,3941,15.21,11.3
0,3942,15.21,11.3
0,3943,15.21,11.3
0,3944,15.21,11.3
0,3945,15.21,11.3
0,3946,15.21,11.3
0,3947,15.21,11.3
0,3948,15.21,11.3
0,3949,15.21,11.3
0,3950,15.21,11.3
0,3951,15.21,11.3
0,3952,15.21,11.3
0,3953,15.21,11.3
0,3954,15.21,11.3
0,3955,15.21,11.3
0,3956,15.21,11.3
0,3957,15.21,11.3
0,3958,15.21,11.3
0,3959,15.21,11.3
0,3960,15.21,11.3
0,3961,15.21,11.3
0,3962,15.21,11.3
0,3963,15.21,11.3
0,3964,15.21,11.3
0,3965,15.21,11.3
0,3966,15.21,11.3
0,3967,15.21,11.3
0,3968,15.21,11.3
0,3969,15.21,11.3
0,3970,15.21,11.3
0,3971,15.21,11.3
0,3972,15.21,11.3
0,3973,15.21,11.3
0,3974,15.21,11.3
0,3975,15.21,11.3
0,3976,15.2,11.3
0,3977,15.21,11.3
0,3978,15.2,11.3
0,3978,15.21,11.3
0,3979,15.2,11.3
0,3980,15.2,11.3
0,3981,15.2,11.3
0,3982,15.2,11.3
0,3983,15.2,11.3
0,3984,15.2,11.3
0,3985,15.2,11.3
0,3986,15.2,11.3
0,3987,15.2,11.3
0,3988,15.2,11.3
0,3989,15.2,11.3
0,3990,15.2,11.3
0,3991,15.2,11.3
0,3992,15.2,11.3
0,3993,15.2,11.3
0,3994,15.2,11.3
0,3995,15.2,11.3
0,3996,15.2,11.3
0,3997,15.2,11.3
0,3998,15.2,11.3
0,3999,15.2,11.3
0,4000,15.2,11.3
0,4001,15.2,11.3
0,4002,15.2,11.3
0,4003,15.2,11.3
0,4004,15.2,11.3
0,4005,15.2,11.3
0,4006,15.2,11.3
0,4007,15.2,11.3
0,4008,15.2,11.3
0,4009,15.2,11.3
0,4010,15.2,11.3
0,4011,15.2,11.3
0,4012,15.2,11.3
0,4013,15.2,11.3
0,4014,15.2,11.3
0,4015,15.2,11.3
0,4016,15.2,11.3
0,4017,15.2,11.3
0,4018,15.19,11.3
0,4019,15.19,11.3
0,4020,15.19,11.3
0,4021,15.19,11.3
0,4022,15.19,11.3
0,4023,15.19,11.3
0,4024,15.19,11.3
0,4025,15.19,11.3
0,4026,15.19,11.3
0,4027,15.19,11.3
0,4028,15.19,11.3
0,4029,15.19,11.3
0,4029,15.19,11.3
0,4030,15.19,11.3
0,4031,15.19,11.3
0,4032,15.19,11.3
0,4033,15.19,11.3
0,4034,15.19,11.3
0,4035,15.19,11.3
0,4036,15.19,11.3
0,4037,15.19,11.3
0,4038,15.19,11.3
0,4039,15.19,11.3
0,4040,15.19,11.3
0,4041,15.19,11.3
0,4042,15.19,11.3
0,4043,15.19,11.3
0,4044,15.19,11.3
0,4045,15.19,11.3
0,4046,15.19,11.3
0,4047,15.19,11.3
0,4048,15.19,11.3
0,4049,15.19,11.3
0,4050,15.19,11.3
0,4051,15.19,11.3
0,4052,15.19,11.3
0,4053,15.19,11.3
0,4054,15.18,11.3
0,4055,15.19,11.3
0,4056,15.19,11.3
0,4057,15.19,11.3
0,4058,15.19,11.3
0,4059,15.19,11.3
0,4060,15.19,11.3
0,4061,15.19,11.3
0,4062,15.19,11.3
0,4063,15.19,11.3
0,4064,15.19,11.3
0,4065,15.19,11.3
0,4066,15.19,11.3
0,4067,15.19,11.3
0,4068,15.19,11.3
0,4068,15.19,11.3
0,4069,15.19,11.3
0,4070,15.19,11.3
0,4071,15.19,11.3
0,4072,15.19,11.3
0,4073,15.19,11.3
0,4074,15.19,11.3
0,4075,15.19,11.3
0,4076,15.19,11.3
0,4077,15.19,11.3
0,4078,15.19,11.3
0,4079,15.19,11.3
0,4080,15.19,11.3
0,4081,15.19,11.3
0,4082,15.19,11.3
0,4083,15.19,11.3
0,4084,15.19,11.3
0,4085,15.19,11.3
0,4086,15.19,11.3
0,4087,15.19,11.3
0,4088,15.19,11.3
0,4089,15.19,11.3
0,4090,15.19,11.3
0,4091,15.18,11.3
0,4092,15.18,11.3
0,4093,15.18,11.3
0,4094,15.18,11.3
0,4095,15.18,11.3
0,4096,15.18,11.3
0,4097,15.18,11.3
0,4098,15.18,11.3
0,4099,15.18,11.3
0,4100,15.18,11.3
0,4101,15.18,11.3
0,4102,15.18,11.3
0,4103,15.18,11.3
0,4104,15.18,11.3
0,4105,15.18,11.3
0,4106,15.18,11.3
0,4107,15.18,11.3
0,4108,15.18,11.3
0,4109,15.18,11.3
0,4110,15.18,11.3
0,4111,15.18,11.3
0,4112,15.18,11.3
0,4113,15.18,11.3
0,4114,15.18,11.3
0,4115,15.18,11.3
0,4116,15.18,11.3
0,4117,15.18,11.3
0,4118,15.18,11.3
0,4119,15.18,11.3
0,4119,15.18,11.3
0,4120,15.18,11.3
0,4121,15.18,11.3
0,4122,15.18,11.3
0,4123,15.18,11.3
0,4124,15.18,11.3
0,4125,15.18,11.3
0,4126,15.18,11.3
0,4127,15.18,11.3
0,4128,15.18,11.3
0,4129,15.18,11.3
0,4130,15.18,11.3
0,4131,15.18,11.3
0,4132,15.18,11.3
0,4133,15.18,11.3
0,4134,15.18,11.3
0,4135,15.18,11.3
0,4136,15.18,11.3
0,4137,15.18,11.3
0,4138,15.18,11.3
0,4139,15.17,11.3
0,4140,15.17,11.3
0,4141,15.17,11.3
0,4142,15.17,11.3
0,4143,15.17,11.3
0,4144,15.17,11.3
0,4145,15.17,11.3
0,4146,15.17,11.3
0,4147,15.17,11.3
0,4148,15.17,11.3
0,4149,15.17,11.3
0,4150,15.17,11.3
0,4151,15.17,11.3
0,4152,15.17,11.3
0,4153,15.17,11.3
0,4154,15.17,11.3
0,4155,15.17,11.3
0,4156,15.17,11.3
0,4157,15.17,11.3
0,4158,15.17,11.3
0,4159,15.17,11.3
0,4160,15.17,11.3
0,4161,15.17,11.3
0,4162,15.17,11.3
0,4163,15.17,11.3
0,4164,15.17,11.3
0,4165,15.17,11.3
0,4166,15.17,11.3
0,4167,15.17,11.3
0,4168,15.17,11.2
0,4169,15.17,11.2
0,4170,15.17,11.3
0,4170,15.17,11.2
0,4171,15.17,11.2
0,4172,15.17,11.2
0,4173,15.17,11.2
0,4174,15.17,11.2
0,4175,15.17,11.2
0,4176,15.17,11.2
0,4177,15.17,11.2
0,4178,15.16,11.2
0,4179,15.16,11.2
0,4180,15.16,11.2
0,4181,15.16,11.2
0,4182,15.16,11.2
0,4183,15.16,11.2
0,4184,15.16,11.2
0,4185,15.16,11.2
0,4186,15.16,11.2
0,4187,15.16,11.2
0,4188,15.16,11.2
0,4189,15.16,11.2
0,4190,15.16,11.2
0,4191,15.16,11.2
0,4192,15.16,11.2
0,4193,15.16,11.2
0,4194,15.16,11.2
0,4195,15.16,11.2
0,4196,15.16,11.2
0,4197,15.16,11.2
0,4198,15.16,11.2
0,4199,15.16,11.2
0,4200,15.16,11.2
0,4201,15.16,11.2
0,4202,15.16,11.2
0,4203,15.16,11.2
0,4204,15.16,11.2
0,4205,15.16,11.2
0,4206,15.16,11.2
0,4207,15.16,11.2
0,4208,15.16,11.2
0,4209,15.16,11.2
0,4210,15.16,11.2
0,4211,15.16,11.2
0,4212,15.16,11.2
0,4213,15.15,11.2
0,4214,15.15,11.2
0,4215,15.16,11.2
0,4216,15.16,11.2
0,4217,15.15,11.2
0,4218,15.15,11.2
0,4219,15.16,11.2
0,4220,15.15,11.2
0,4221,15.15,11.2
0,4221,15.16,11.2
0,4222,15.15,11.2
0,4223,15.15,11.2
0,4224,15.16,11.2
0,4225,15.15,11.2
0,4226,15.15,11.2
0,4227,15.15,11.2
0,4228,15.15,11.2
0,4229,15.15,11.2
0,4230,15.15,11.2
0,4231,15.15,11.2
0,4232,15.15,11.2
0,4233,15.15,11.2
0,4234,15.15,11.2
0,4235,15.15,11.2
0,4236,15.15,11.2
0,4237,15.15,11.2
0,4238,15.15,11.2
0,4239,15.15,11.2
0,4240,15.15,11.2
0,4241,15.15,11.2
0,4242,15.15,11.2
0,4243,15.15,11.2
0,4244,15.15,11.2
0,4245,15.14,11.2
0,4246,15.14,11.2
0,4247,15.15,11.2
0,4248,15.14,11.2
0,4249,15.14,11.2
0,4250,15.14,11.2
0,4251,15.14,11.2
0,4252,15.14,11.2
0,4253,15.14,11.2
0,4254,15.14,11.2
0,4255,15.14,11.2
0,4256,15.14,11.2
0,4257,15.14,11.2
0,4258,15.14,11.2
0,4259,15.14,11.2
0,4260,15.14,11.2
0,4261,15.14,11.2
0,4262,15.14,11.2
0,4263,15.14,11.2
0,4264,15.14,11.2
0,4265,15.13,11.2
0,4266,15.13,11.2
0,4267,15.13,11.2
0,4268,15.13,11.2
0,4269,15.13,11.2
0,4270,15.13,11.2
0,4271,15.13,11.2
0,4272,15.13,11.2
0,4273,15.13,11.2
0,4274,15.13,11.2
0,4275,15.13,11.2
0,4276,15.13,11.2
0,4277,15.13,11.2
0,4278,15.13,11.2
0,4279,15.13,11.2
0,4280,15.13,11.2
0,4281,15.13,11.2
0,4282,15.13,11.2
0,4283,15.13,11.2
0,4284,15.13,11.2
0,4285,15.13,11.2
0,4286,15.13,11.2
0,4287,15.13,11.2
0,4288,15.13,11.2
0,4289,15.13,11.2
0,4290,15.13,11.2
0,4291,15.13,11.2
0,4292,15.12,11.2
0,4293,15.13,11.2
0,4294,15.12,11.2
0,4295,15.13,11.2
0,4296,15.13,11.2
0,4297,15.13,11.2
0,4297,15.12,11.2
0,4298,15.12,11.2
0,4299,15.12,11.2
0,4300,15.12,11.2
0,4301,15.12,11.2
0,4302,15.12,11.2
0,4303,15.13,11.2
0,4304,15.12,11.2
0,4305,15.12,11.2
0,4306,15.12,11.2
0,4307,15.12,11.2
0,4308,15.12,11.2
0,4309,15.12,11.2
0,4310,15.12,11.2
0,4311,15.12,11.2
0,4312,15.12,11.2
0,4313,15.12,11.2
0,4314,15.12,11.2
0,4315,15.12,11.2
0,4316,15.12,11.2
0,4317,15.12,11.2
0,4318,15.12,11.2
0,4319,15.12,11.2
0,4320,15.12,11.2
0,4321,15.12,11.2
0,4322,15.12,11.2
0,4323,15.12,11.2
0,4324,15.12,11.2
0,4325,15.12,11.2
0,4326,15.12,11.2
0,4327,15.12,11.2
0,4328,15.12,11.2
0,4329,15.12,11.2
0,4330,15.12,11.2
0,4331,15.11,11.2
0,4332,15.12,11.2
0,4333,15.11,11.2
0,4334,15.11,11.2
0,4335,15.11,11.2
0,4336,15.11,11.2
0,4337,15.11,11.2
0,4338,15.11,11.2
0,4339,15.11,11.2
0,4340,15.11,11.2
0,4341,15.11,11.2
0,4342,15.11,11.2
0,4343,15.11,11.2
0,4344,15.11,11.2
0,4345,15.11,11.2
0,4346,15.11,11.2
0,4347,15.11,11.2
0,4348,15.11,11.2
0,4349,15.11,11.2
0,4350,15.11,11.2
0,4351,15.11,11.2
0,4352,15.11,11.2
0,4353,15.11,11.2
0,4354,15.11,11.2
0,4355,15.11,11.2
0,4356,15.11,11.2
0,4357,15.11,11.2
0,4358,15.11,11.2
0,4359,15.11,11.2
0,4360,15.11,11.2
0,4361,15.11,11.2
0,4362,15.11,11.2
0,4363,15.11,11.2
0,4364,15.11,11.2
0,4365,15.11,11.2
0,4366,15.11,11.2
0,4367,15.11,11.2
0,4368,15.11,11.2
0,4369,15.11,11.2
0,4370,15.11,11.2
0,4371,15.11,11.2
0,4372,15.11,11.2
0,4373,15.11,11.2
0,4374,15.11,11.2
0,4375,15.11,11.2
0,4376,15.1,11.2
0,4377,15.1,11.2
0,4378,15.1,11.2
0,4379,15.1,11.2
0,4380,15.1,11.2
0,4381,15.1,11.2
0,4382,15.1,11.2
0,4383,15.1,11.2
0,4384,15.1,11.2
0,4385,15.1,11.2
0,4386,15.1,11.2
0,4387,15.1,11.2
0,4388,15.1,11.2
0,4389,15.1,11.2
0,4390,15.1,11.2
0,4391,15.1,11.2
0,4392,15.1,11.2
0,4393,15.1,11.2
0,4394,15.1,11.2
0,4395,15.1,11.2
0,4396,15.1,11.2
0,4397,15.1,11.2
0,4398,15.1,11.2
0,4399,15.1,11.2
0,4400,15.1,11.2
0,4401,15.1,11.2
0,4402,15.09,11.2
0,4403,15.1,11.2
0,4404,15.1,11.2
0,4405,15.1,11.2
0,4406,15.09,11.2
0,4407,15.1,11.2
0,4408,15.09,11.2
0,4409,15.1,11.2
0,4410,15.09,11.2
0,4411,15.09,11.2
0,4412,15.09,11.2
0,4413,15.09,11.2
0,4414,15.09,11.2
0,4415,15.09,11.2
0,4416,15.09,11.2
0,4417,15.09,11.2
0,4418,15.09,11.2
0,4419,15.09,11.2
0,4420,15.09,11.2
0,4421,15.09,11.2
0,4422,15.09,11.2
0,4423,15.09,11.2
0,4424,15.09,11.2
0,4425,15.09,11.2
0,4426,15.09,11.2
0,4427,15.09,11.2
0,4428,15.09,11.2
0,4429,15.09,11.2
0,4430,15.09,11.2
0,4431,15.09,11.2
0,4432,15.09,11.2
0,4433,15.09,11.2
0,4434,15.09,11.2
0,4435,15.09,11.2
0,4436,15.08,11.2
0,4437,15.08,11.2
0,4437,15.08,11.2
0,4438,15.08,11.2
0,4439,15.08,11.2
0,4440,15.08,11.2
0,4441,15.08,11.2
0,4442,15.08,11.2
0,4443,15.08,11.2
0,4444,15.08,11.2
0,4445,15.09,11.2
0,4446,15.08,11.2
0,4447,15.08,11.2
0,4448,15.08,11.2
0,4449,15.08,11.2
0,4450,15.08,11.2
0,4451,15.08,11.2
0,4452,15.08,11.2
0,4453,15.08,11.2
0,4454,15.08,11.2
0,4455,15.08,11.2
0,4456,15.08,11.2
0,4457,15.08,11.2
0,4458,15.08,11.2
0,4459,15.08,11.2
0,4460,15.08,11.2
0,4461,15.08,11.2
0,4462,15.08,11.2
0,4463,15.08,11.2
0,4464,15.08,11.2
0,4465,15.08,11.2
0,4466,15.08,11.2
0,4467,15.08,11.2
0,4468,15.08,11.2
0,4469,15.08,11.2
0,4470,15.08,11.2
0,4471,15.08,11.1
0,4472,15.08,11.2
0,4473,15.08,11.2
0,4474,15.08,11.2
0,4475,15.08,11.2
0,4476,15.08,11.2
0,4477,15.08,11.1
0,4478,15.08,11.2
0,4479,15.08,11.1
0,4480,15.08,11.1
0,4481,15.08,11.1
0,4482,15.07,11.1
0,4483,15.08,11.1
0,4484,15.08,11.2
0,4485,15.07,11.1
0,4486,15.07,11.1
0,4487,15.07,11.1
0,4488,15.08,11.1
0,4488,15.07,11.1
0,4489,15.07,11.1
0,4490,15.07,11.1
0,4491,15.07,11.1
0,4492,15.07,11.1
0,4493,15.07,11.1
0,4494,15.07,11.1
0,4495,15.07,11.1
0,4496,15.07,11.1
0,4497,15.07,11.1
0,4498,15.07,11.1
0,4499,15.07,11.1
0,4500,15.07,11.1
0,4501,15.07,11.1
0,4502,15.07,11.1
0,4503,15.07,11.1
0,4504,15.07,11.1
0,4505,15.07,11.1
0,4506,15.07,11.1
0,4507,15.07,11.1
0,4508,15.07,11.1
0,4509,15.07,11.1
0,4510,15.07,11.1
0,4511,15.07,11.1
0,4512,15.07,11.1
0,4513,15.07,11.1
0,4514,15.07,11.1
0,4515,15.07,11.1
0,4516,15.07,11.1
0,4517,15.07,11.1
0,4518,15.07,11.1
0,4519,15.07,11.1
0,4520,15.07,11.1
0,4521,15.07,11.1
0,4522,15.07,11.1
0,4523,15.07,11.1
0,4524,15.07,11.1
0,4525,15.07,11.1
0,4526,15.07,11.1
0,4527,15.07,11.1
0,4528,15.07,11.1
0,4529,15.07,11.1
0,4530,15.07,11.1
0,4531,15.07,11.1
0,4532,15.07,11.1
0,4533,15.07,11.1
0,4534,15.07,11.1
0,4535,15.07,11.1
0,4536,15.07,11.1
0,4537,15.07,11.1
0,4538,15.07,11.1
0,4539,15.07,11.1
0,4540,15.07,11.1
0,4541,15.07,11.1
0,4542,15.07,11.1
0,4543,15.07,11.1
0,4544,15.07,11.1
0,4545,15.07,11.1
0,4546,15.07,11.1
0,4547,15.07,11.1
0,4548,15.07,11.1
0,4549,15.07,11.1
0,4550,15.07,11.1
0,4551,15.07,11.1
0,4552,15.07,11.1
0,4553,15.07,11.1
0,4554,15.06,11.1
0,4555,15.06,11.1
0,4556,15.06,11.1
0,4557,15.06,11.1
0,4558,15.06,11.1
0,4559,15.06,11.1
0,4560,15.06,11.1
0,4561,15.06,11.1
0,4562,15.06,11.1
0,4563,15.06,11.1
0,4564,15.06,11.1
0,4565,15.06,11.1
0,4566,15.06,11.1
0,4567,15.06,11.1
0,4568,15.06,11.1
0,4569,15.06,11.1
0,4570,15.06,11.1
0,4571,15.06,11.1
0,4572,15.06,11.1
0,4573,15.06,11.1
0,4574,15.06,11.1
0,4575,15.06,11.1
0,4576,15.06,11.1
0,4577,15.06,11.1
0,4578,15.06,11.1
0,4579,15.06,11.1
0,4580,15.06,11.1
0,4581,15.06,11.1
0,4582,15.06,11.1
0,4583,15.06,11.1
0,4584,15.06,11.1
0,4585,15.06,11.1
0,4586,15.06,11.1
0,4587,15.06,11.1
0,4588,15.05,11.1
0,4589,15.06,11.1
0,4590,15.06,11.1
0,4591,15.05,11.1
0,4592,15.05,11.1
0,4593,15.05,11.1
0,4594,15.05,11.1
0,4595,15.05,11.1
0,4596,15.05,11.1
0,4597,15.05,11.1
0,4598,15.05,11.1
0,4599,15.05,11.1
0,4600,15.05,11.1
0,4601,15.05,11.1
0,4602,15.05,11.1
0,4603,15.05,11.1
0,4604,15.05,11.1
0,4605,15.05,11.1
0,4606,15.05,11.1
0,4607,15.05,11.1
0,4608,15.04,11.1
0,4609,15.03,11.1
0,4610,15.02,11.1
0,4611,15.02,11.1
0,4612,15.02,11.1
0,4613,15.02,11.1
0,4614,15.02,11.1
0,4615,15.02,11.1
0,4616,15.02,11.1
0,4617,15.02,11.1
0,4618,15.02,11.1
0,4619,15.02,11.1
0,4620,15.02,11.1
0,4621,15.02,11.1
0,4622,15.02,11.1
0,4623,15.02,11.1
0,4624,15.02,11.1
0,4625,15.02,11.1
0,4626,15.02,11.1
0,4627,15.02,11.1
0,4628,15.02,11.1
0,4628,15.02,11.1
0,4629,15.02,11.1
0,4630,15.02,11.1
0,4631,15.02,11.1
0,4632,15.02,11.1
0,4633,15.02,11.1
0,4634,15.02,11.1
0,4635,15.02,11.1
0,4636,15.02,11.1
0,4637,15.02,11.1
0,4638,15.02,11.1
0,4639,15.02,11.1
0,4640,15.02,11.1
0,4641,15.02,11.1
0,4642,15.02,11.1
0,4643,15.02,11.1
0,4644,15.02,11.1
0,4645,15.02,11.1
0,4646,15.02,11.1
0,4647,15.02,11.1
0,4648,15.01,11.1
0,4649,15.01,11.1
0,4650,15.01,11.1
0,4651,15.01,11.1
0,4652,15.01,11.1
0,4653,15.01,11.1
0,4654,15.01,11.1
0,4655,15.01,11.1
0,4656,15.01,11.1
0,4657,15.01,11.1
0,4658,15.01,11.1
0,4659,15.01,11.1
0,4660,15.01,11.1
0,4661,15.01,11.1
0,4662,15,11.1
0,4663,15.01,11.1
0,4664,15,11.1
0,4665,15,11.1
0,4666,15,11.1
0,4667,15,11.1
0,4668,15,11.1
0,4669,15,11.1
0,4670,15,11.1
0,4671,15,11.1
0,4672,15,11.1
0,4673,15,11.1
0,4674,15,11.1
0,4675,15,11.1
0,4676,15,11.1
0,4677,15,11.1
0,4678,15,11.1
0,4679,15,11.1
0,4680,15,11.1
0,4681,15,11.1
0,4682,15,11.1
0,4683,15,11.1
0,4684,15,11.1
0,4685,15,11.1
0,4686,15,11.1
0,4687,15,11.1
0,4688,15,11.1
0,4689,15,11.1
0,4690,15,11.1
0,4691,15,11.1
0,4692,15,11.1
0,4692,14.99,11.1
0,4693,15,11.1
0,4694,14.99,11.1
0,4695,15,11.1
0,4696,14.99,11.1
0,4697,15,11.1
0,4698,15,11.1
0,4699,14.99,11.1
0,4700,14.99,11.1
0,4701,14.99,11.1
0,4702,14.99,11.1
0,4703,14.99,11
0,4704,14.99,11.1
0,4705,14.99,11.1
0,4706,14.99,11
0,4707,14.99,11
0,4708,14.99,11
0,4709,14.99,11
0,4710,14.99,11
0,4711,14.99,11
0,4712,14.99,11
0,4713,14.99,11
0,4714,14.99,11
0,4715,14.99,11
0,4716,14.99,11
0,4717,14.99,11
0,4718,14.99,11
0,4719,14.99,11
0,4720,14.99,11
0,4721,14.99,11
0,4722,14.99,11
0,4723,14.99,11
0,4724,14.98,11
0,4725,14.99,11
0,4726,14.98,11
0,4727,14.98,11
0,4728,14.98,11
0,4729,14.98,11
0,4730,14.98,11
0,4731,14.98,11
0,4732,14.98,11
0,4733,14.98,11
0,4734,14.98,11
0,4735,14.98,11
0,4736,14.98,11
0,4737,14.98,11
0,4738,14.98,11
0,4739,14.98,11
0,4740,14.98,11
0,4741,14.98,11
0,4742,14.98,11
0,4743,14.98,11
0,4744,14.98,11
0,4745,14.98,11
0,4746,14.98,11
0,4747,14.98,11
0,4748,14.98,11
0,4749,14.98,11
0,4750,14.98,11
0,4751,14.96,11
0,4752,-0.02,11.4
0,4753,-0.04,11.5
0,4754,-0.03,0
